Id,Label,timeset,degree,modularity_class,vote_average0
0,0,,6,2,7.0
1,1,,61,267,7.0
2,2,,6,40,6.0
3,3,,8,100,8.0
4,4,,3,40,6.0
5,5,,28,318,6.0
6,6,,0,0,7.0
7,7,,2,1,7.0
8,8,,1,11,7.0
9,9,,2,267,6.0
10,10,,18,225,5.0
11,11,,7,227,6.0
12,12,,59,267,7.0
13,13,,59,267,6.0
14,14,,8,248,7.0
15,15,,31,180,6.0
16,16,,2,1,7.0
17,17,,7,293,6.0
18,18,,6,293,6.0
19,19,,8,493,7.0
20,20,,2,509,7.0
21,21,,4,267,6.0
22,22,,8,493,8.0
23,23,,5,425,6.0
24,24,,2,493,7.0
25,25,,6,2,8.0
26,26,,15,361,7.0
27,27,,5,180,6.0
28,28,,1,3,7.0
29,29,,6,40,7.0
30,30,,9,293,7.0
31,31,,22,351,7.0
32,32,,45,293,6.0
33,33,,9,220,6.0
34,34,,0,4,7.0
35,35,,13,351,6.0
36,36,,13,351,6.0
37,37,,9,293,6.0
38,38,,5,267,7.0
39,39,,1,23,6.0
40,40,,0,5,6.0
41,41,,7,495,5.0
42,42,,0,6,8.0
43,43,,6,220,6.0
44,44,,22,351,7.0
45,45,,7,227,7.0
46,46,,18,225,8.0
47,47,,16,222,7.0
48,48,,18,225,6.0
49,49,,11,248,7.0
50,50,,7,64,6.0
51,51,,7,267,7.0
52,52,,13,351,6.0
53,53,,26,439,6.0
54,54,,0,7,7.0
55,55,,0,8,7.0
56,56,,4,351,7.0
57,57,,25,40,8.0
58,58,,9,220,6.0
59,59,,3,14,6.0
60,60,,12,239,7.0
61,61,,16,222,5.0
62,62,,1,11,6.0
63,63,,30,180,7.0
64,64,,18,225,6.0
65,65,,65,100,8.0
66,66,,2,222,8.0
67,67,,3,361,6.0
68,68,,7,267,7.0
69,69,,20,379,7.0
70,70,,16,181,5.0
71,71,,8,445,5.0
72,72,,4,420,6.0
73,73,,6,201,5.0
74,74,,51,220,8.0
75,75,,5,222,6.0
76,76,,3,134,6.0
77,77,,17,222,8.0
78,78,,4,445,7.0
79,79,,4,445,7.0
80,80,,1,100,6.0
81,81,,1,100,7.0
82,82,,6,222,7.0
83,83,,2,153,5.0
84,84,,0,9,6.0
85,85,,15,361,8.0
86,86,,3,222,6.0
87,87,,7,222,6.0
88,88,,15,361,8.0
89,89,,15,361,7.0
90,90,,12,239,6.0
91,91,,3,14,5.0
92,92,,2,39,8.0
93,93,,35,325,6.0
94,94,,7,248,8.0
95,95,,9,100,8.0
96,96,,9,100,8.0
97,97,,0,10,7.0
98,98,,7,493,7.0
99,99,,8,445,7.0
100,100,,9,264,7.0
101,101,,3,361,7.0
102,102,,5,100,7.0
103,103,,6,267,6.0
104,104,,6,100,6.0
105,105,,3,293,7.0
106,106,,2,180,6.0
107,107,,4,179,6.0
108,108,,7,267,6.0
109,109,,5,293,6.0
110,110,,11,351,7.0
111,111,,8,351,7.0
112,112,,13,493,6.0
113,113,,2,11,7.0
114,114,,6,64,8.0
115,115,,5,180,6.0
116,116,,5,100,7.0
117,117,,43,293,7.0
118,118,,7,222,8.0
119,119,,62,100,8.0
120,120,,3,267,6.0
121,121,,10,220,6.0
122,122,,3,351,6.0
123,123,,5,222,6.0
124,124,,1,220,7.0
125,125,,5,222,7.0
126,126,,2,351,7.0
127,127,,7,439,7.0
128,128,,15,267,7.0
129,129,,6,73,7.0
130,130,,0,12,6.0
131,131,,0,13,5.0
132,132,,4,351,6.0
133,133,,43,293,6.0
134,134,,1,71,7.0
135,135,,6,293,6.0
136,136,,1,20,6.0
137,137,,4,267,7.0
138,138,,10,100,5.0
139,139,,13,222,7.0
140,140,,3,14,6.0
141,141,,2,267,6.0
142,142,,4,180,6.0
143,143,,5,225,6.0
144,144,,5,267,7.0
145,145,,6,100,7.0
146,146,,6,267,6.0
147,147,,4,134,6.0
148,148,,3,177,5.0
149,149,,28,351,6.0
150,150,,8,293,6.0
151,151,,2,239,6.0
152,152,,1,267,7.0
153,153,,8,222,7.0
154,154,,0,15,7.0
155,155,,3,308,6.0
156,156,,9,267,7.0
157,157,,14,267,6.0
158,158,,12,222,7.0
159,159,,12,293,7.0
160,160,,2,39,8.0
161,161,,4,325,5.0
162,162,,2,445,5.0
163,163,,5,248,7.0
164,164,,1,134,6.0
165,165,,10,293,5.0
166,166,,15,361,5.0
167,167,,2,411,6.0
168,168,,0,16,6.0
169,169,,3,293,7.0
170,170,,5,293,6.0
171,171,,0,17,7.0
172,172,,4,227,6.0
173,173,,7,439,6.0
174,174,,6,351,6.0
175,175,,26,439,6.0
176,176,,0,18,7.0
177,177,,0,19,6.0
178,178,,3,267,7.0
179,179,,1,20,7.0
180,180,,7,180,7.0
181,181,,3,267,7.0
182,182,,50,220,7.0
183,183,,6,100,7.0
184,184,,7,267,7.0
185,185,,26,439,6.0
186,186,,28,351,6.0
187,187,,15,361,6.0
188,188,,10,248,6.0
189,189,,5,179,6.0
190,190,,26,439,7.0
191,191,,4,420,8.0
192,192,,6,248,6.0
193,193,,10,100,5.0
194,194,,2,100,6.0
195,195,,10,220,6.0
196,196,,12,267,7.0
197,197,,10,220,8.0
198,198,,7,220,5.0
199,199,,3,267,8.0
200,200,,6,100,7.0
201,201,,15,267,7.0
202,202,,34,180,6.0
203,203,,3,225,7.0
204,204,,6,351,7.0
205,205,,9,267,7.0
206,206,,5,351,6.0
207,207,,4,495,7.0
208,208,,44,134,6.0
209,209,,4,100,6.0
210,210,,12,264,4.0
211,211,,12,267,6.0
212,212,,3,14,6.0
213,213,,9,267,6.0
214,214,,6,100,6.0
215,215,,10,225,5.0
216,216,,7,293,7.0
217,217,,2,318,5.0
218,218,,6,180,6.0
219,219,,5,220,5.0
220,220,,5,267,6.0
221,221,,5,267,5.0
222,222,,0,21,6.0
223,223,,3,325,6.0
224,224,,1,22,6.0
225,225,,14,222,6.0
226,226,,42,267,5.0
227,227,,7,509,6.0
228,228,,1,23,6.0
229,229,,40,439,7.0
230,230,,40,439,6.0
231,231,,1,222,8.0
232,232,,36,325,6.0
233,233,,40,439,6.0
234,234,,1,179,7.0
235,235,,0,24,5.0
236,236,,6,267,6.0
237,237,,0,25,6.0
238,238,,4,351,6.0
239,239,,5,420,7.0
240,240,,14,325,6.0
241,241,,4,351,6.0
242,242,,1,551,4.0
243,243,,10,220,6.0
244,244,,2,48,6.0
245,245,,13,420,6.0
246,246,,7,420,7.0
247,247,,6,40,6.0
248,248,,6,180,7.0
249,249,,5,220,6.0
250,250,,20,379,7.0
251,251,,16,361,5.0
252,252,,49,100,6.0
253,253,,0,26,6.0
254,254,,7,267,6.0
255,255,,0,27,6.0
256,256,,5,220,6.0
257,257,,13,220,7.0
258,258,,4,308,6.0
259,259,,11,180,4.0
260,260,,13,351,7.0
261,261,,35,325,6.0
262,262,,7,493,8.0
263,263,,6,281,6.0
264,264,,1,267,7.0
265,265,,0,28,5.0
266,266,,7,325,7.0
267,267,,29,180,7.0
268,268,,5,267,6.0
269,269,,2,100,7.0
270,270,,29,180,8.0
271,271,,14,351,7.0
272,272,,4,534,4.0
273,273,,4,351,6.0
274,274,,9,267,8.0
275,275,,13,439,7.0
276,276,,13,220,7.0
277,277,,7,495,7.0
278,278,,38,293,6.0
279,279,,4,2,8.0
280,280,,12,264,7.0
281,281,,5,267,7.0
282,282,,4,2,7.0
283,283,,28,180,6.0
284,284,,7,425,5.0
285,285,,5,253,6.0
286,286,,5,445,6.0
287,287,,9,311,8.0
288,288,,1,100,7.0
289,289,,2,184,7.0
290,290,,7,411,6.0
291,291,,8,267,6.0
292,292,,0,29,5.0
293,293,,3,227,6.0
294,294,,6,293,6.0
295,295,,4,100,6.0
296,296,,5,134,6.0
297,297,,9,267,7.0
298,298,,20,379,8.0
299,299,,12,264,5.0
300,300,,17,495,7.0
301,301,,4,222,7.0
302,302,,8,248,7.0
303,303,,0,30,4.0
304,304,,2,220,6.0
305,305,,5,100,7.0
306,306,,12,222,5.0
307,307,,2,351,6.0
308,308,,0,31,6.0
309,309,,1,69,4.0
310,310,,8,267,7.0
311,311,,3,180,4.0
312,312,,7,180,6.0
313,313,,3,220,7.0
314,314,,1,32,7.0
315,315,,3,134,6.0
316,316,,20,379,7.0
317,317,,5,293,7.0
318,318,,0,33,6.0
319,319,,7,201,5.0
320,320,,13,267,7.0
321,321,,7,229,6.0
322,322,,7,495,7.0
323,323,,0,34,5.0
324,324,,7,267,7.0
325,325,,2,220,6.0
326,326,,6,73,7.0
327,327,,6,493,7.0
328,328,,25,40,8.0
329,329,,6,493,8.0
330,330,,5,493,8.0
331,331,,1,229,5.0
332,332,,7,411,6.0
333,333,,0,35,6.0
334,334,,10,293,6.0
335,335,,1,251,7.0
336,336,,5,509,6.0
337,337,,3,325,5.0
338,338,,3,40,6.0
339,339,,11,222,7.0
340,340,,14,229,6.0
341,341,,50,220,6.0
342,342,,9,293,7.0
343,343,,3,229,7.0
344,344,,28,180,6.0
345,345,,8,220,6.0
346,346,,11,239,6.0
347,347,,3,187,7.0
348,348,,28,180,7.0
349,349,,4,420,7.0
350,350,,5,220,6.0
351,351,,20,379,8.0
352,352,,3,180,8.0
353,353,,4,420,7.0
354,354,,9,264,7.0
355,355,,20,222,7.0
356,356,,6,267,7.0
357,357,,3,293,5.0
358,358,,4,100,7.0
359,359,,3,181,6.0
360,360,,18,225,7.0
361,361,,8,181,6.0
362,362,,9,220,6.0
363,363,,28,439,7.0
364,364,,6,267,5.0
365,365,,11,239,7.0
366,366,,4,495,6.0
367,367,,7,224,6.0
368,368,,2,52,6.0
369,369,,3,180,6.0
370,370,,3,191,7.0
371,371,,8,248,6.0
372,372,,28,180,7.0
373,373,,16,311,6.0
374,374,,28,180,7.0
375,375,,9,220,7.0
376,376,,1,239,5.0
377,377,,1,112,6.0
378,378,,2,325,6.0
379,379,,16,495,7.0
380,380,,13,267,7.0
381,381,,1,84,5.0
382,382,,2,100,7.0
383,383,,11,180,6.0
384,384,,11,239,8.0
385,385,,10,439,6.0
386,386,,9,180,7.0
387,387,,7,100,6.0
388,388,,6,40,7.0
389,389,,9,229,6.0
390,390,,2,42,7.0
391,391,,1,36,7.0
392,392,,4,267,6.0
393,393,,1,36,5.0
394,394,,51,220,6.0
395,395,,8,267,7.0
396,396,,30,180,7.0
397,397,,12,267,6.0
398,398,,6,40,7.0
399,399,,1,76,6.0
400,400,,3,509,7.0
401,401,,3,439,7.0
402,402,,13,180,6.0
403,403,,20,222,6.0
404,404,,7,293,7.0
405,405,,6,351,6.0
406,406,,9,180,7.0
407,407,,5,293,7.0
408,408,,3,100,6.0
409,409,,1,308,7.0
410,410,,3,180,6.0
411,411,,4,420,7.0
412,412,,4,318,5.0
413,413,,6,181,5.0
414,414,,22,308,5.0
415,415,,0,37,7.0
416,416,,6,281,6.0
417,417,,0,38,7.0
418,418,,2,48,5.0
419,419,,5,180,6.0
420,420,,7,325,7.0
421,421,,3,264,7.0
422,422,,2,349,6.0
423,423,,6,201,6.0
424,424,,3,224,6.0
425,425,,14,134,7.0
426,426,,5,100,7.0
427,427,,6,220,6.0
428,428,,34,293,7.0
429,429,,2,180,6.0
430,430,,2,39,7.0
431,431,,9,293,6.0
432,432,,2,267,6.0
433,433,,3,308,6.0
434,434,,9,181,6.0
435,435,,3,222,5.0
436,436,,8,181,6.0
437,437,,7,181,6.0
438,438,,3,267,6.0
439,439,,20,379,8.0
440,440,,3,311,5.0
441,441,,27,180,6.0
442,442,,28,180,7.0
443,443,,7,424,6.0
444,444,,8,40,7.0
445,445,,8,181,6.0
446,446,,11,411,7.0
447,447,,5,351,6.0
448,448,,8,534,7.0
449,449,,1,180,7.0
450,450,,4,199,5.0
451,451,,3,180,5.0
452,452,,3,100,7.0
453,453,,52,220,6.0
454,454,,3,318,5.0
455,455,,9,134,7.0
456,456,,4,420,7.0
457,457,,19,445,6.0
458,458,,1,111,5.0
459,459,,4,267,7.0
460,460,,6,281,5.0
461,461,,4,187,5.0
462,462,,4,425,6.0
463,463,,0,41,8.0
464,464,,2,42,7.0
465,465,,0,43,7.0
466,466,,2,267,6.0
467,467,,2,180,6.0
468,468,,3,351,6.0
469,469,,7,495,6.0
470,470,,2,222,7.0
471,471,,4,220,5.0
472,472,,10,225,6.0
473,473,,33,293,6.0
474,474,,0,44,6.0
475,475,,5,134,7.0
476,476,,2,495,6.0
477,477,,5,318,7.0
478,478,,8,445,6.0
479,479,,1,180,5.0
480,480,,5,411,3.0
481,481,,7,134,6.0
482,482,,4,293,5.0
483,483,,11,134,5.0
484,484,,5,100,6.0
485,485,,7,439,5.0
486,486,,2,411,6.0
487,487,,0,45,5.0
488,488,,7,495,6.0
489,489,,0,46,7.0
490,490,,7,351,5.0
491,491,,3,229,5.0
492,492,,0,47,5.0
493,493,,11,267,8.0
494,494,,9,267,8.0
495,495,,2,48,6.0
496,496,,5,180,6.0
497,497,,13,220,7.0
498,498,,5,293,7.0
499,499,,8,181,4.0
500,500,,12,420,6.0
501,501,,0,49,8.0
502,502,,9,225,6.0
503,503,,0,50,4.0
504,504,,2,267,6.0
505,505,,1,411,6.0
506,506,,4,267,7.0
507,507,,13,420,7.0
508,508,,28,439,6.0
509,509,,6,267,7.0
510,510,,1,420,7.0
511,511,,2,225,7.0
512,512,,9,293,6.0
513,513,,12,351,7.0
514,514,,25,180,7.0
515,515,,10,181,7.0
516,516,,7,424,7.0
517,517,,16,229,5.0
518,518,,0,51,4.0
519,519,,7,351,7.0
520,520,,8,181,6.0
521,521,,28,439,7.0
522,522,,2,52,6.0
523,523,,10,495,6.0
524,524,,8,100,7.0
525,525,,7,267,6.0
526,526,,1,227,7.0
527,527,,13,180,5.0
528,528,,28,439,7.0
529,529,,12,180,6.0
530,530,,5,509,6.0
531,531,,5,267,7.0
532,532,,31,267,6.0
533,533,,1,444,6.0
534,534,,25,318,6.0
535,535,,4,181,6.0
536,536,,0,53,6.0
537,537,,3,180,6.0
538,538,,0,54,6.0
539,539,,2,308,6.0
540,540,,3,253,5.0
541,541,,4,229,6.0
542,542,,0,55,6.0
543,543,,1,72,4.0
544,544,,6,325,6.0
545,545,,11,100,7.0
546,546,,3,267,6.0
547,547,,4,248,6.0
548,548,,3,134,6.0
549,549,,12,264,6.0
550,550,,0,56,6.0
551,551,,4,308,5.0
552,552,,4,420,6.0
553,553,,11,180,7.0
554,554,,6,253,6.0
555,555,,5,220,5.0
556,556,,2,445,8.0
557,557,,5,40,7.0
558,558,,31,267,7.0
559,559,,31,411,7.0
560,560,,14,229,5.0
561,561,,3,439,7.0
562,562,,11,100,6.0
563,563,,3,308,5.0
564,564,,11,100,6.0
565,565,,9,180,7.0
566,566,,1,229,7.0
567,567,,35,100,6.0
568,568,,8,445,6.0
569,569,,0,57,6.0
570,570,,11,267,6.0
571,571,,9,311,8.0
572,572,,28,439,7.0
573,573,,16,229,7.0
574,574,,5,264,6.0
575,575,,2,78,7.0
576,576,,12,100,5.0
577,577,,2,229,6.0
578,578,,4,308,5.0
579,579,,6,351,7.0
580,580,,3,180,6.0
581,581,,4,134,6.0
582,582,,4,351,6.0
583,583,,30,293,8.0
584,584,,6,100,6.0
585,585,,28,439,7.0
586,586,,22,425,6.0
587,587,,4,2,7.0
588,588,,3,493,6.0
589,589,,2,267,6.0
590,590,,6,267,6.0
591,591,,3,361,7.0
592,592,,6,439,7.0
593,593,,11,267,5.0
594,594,,12,180,5.0
595,595,,4,325,5.0
596,596,,3,308,5.0
597,597,,1,439,6.0
598,598,,7,424,6.0
599,599,,2,222,6.0
600,600,,0,58,6.0
601,601,,8,495,3.0
602,602,,1,293,4.0
603,603,,3,318,6.0
604,604,,17,445,6.0
605,605,,0,59,6.0
606,606,,9,180,5.0
607,607,,0,60,6.0
608,608,,3,226,5.0
609,609,,3,199,7.0
610,610,,7,229,4.0
611,611,,1,134,6.0
612,612,,2,199,6.0
613,613,,6,201,7.0
614,614,,6,267,7.0
615,615,,2,180,5.0
616,616,,1,94,6.0
617,617,,3,354,7.0
618,618,,0,61,6.0
619,619,,10,248,5.0
620,620,,2,267,7.0
621,621,,3,227,6.0
622,622,,9,267,7.0
623,623,,7,229,6.0
624,624,,3,293,6.0
625,625,,5,318,6.0
626,626,,2,454,7.0
627,627,,0,62,5.0
628,628,,28,439,8.0
629,629,,1,549,6.0
630,630,,3,267,6.0
631,631,,2,293,7.0
632,632,,8,100,5.0
633,633,,28,439,7.0
634,634,,5,222,8.0
635,635,,11,267,7.0
636,636,,1,335,6.0
637,637,,0,63,7.0
638,638,,2,425,6.0
639,639,,5,253,7.0
640,640,,7,495,6.0
641,641,,11,220,6.0
642,642,,2,534,7.0
643,643,,6,414,6.0
644,644,,13,229,6.0
645,645,,11,267,6.0
646,646,,2,267,6.0
647,647,,11,248,6.0
648,648,,6,64,7.0
649,649,,4,65,6.0
650,650,,1,673,7.0
651,651,,0,66,6.0
652,652,,1,220,7.0
653,653,,50,220,6.0
654,654,,4,267,6.0
655,655,,16,495,6.0
656,656,,4,100,6.0
657,657,,6,229,6.0
658,658,,5,229,6.0
659,659,,13,229,7.0
660,660,,12,293,6.0
661,661,,4,445,6.0
662,662,,4,264,8.0
663,663,,50,220,7.0
664,664,,18,222,5.0
665,665,,2,425,5.0
666,666,,6,553,5.0
667,667,,10,553,7.0
668,668,,47,220,5.0
669,669,,1,325,6.0
670,670,,5,224,5.0
671,671,,3,229,7.0
672,672,,6,553,7.0
673,673,,14,229,6.0
674,674,,2,376,6.0
675,675,,28,439,8.0
676,676,,8,100,7.0
677,677,,8,248,6.0
678,678,,1,355,6.0
679,679,,3,616,5.0
680,680,,1,495,6.0
681,681,,10,201,7.0
682,682,,1,229,4.0
683,683,,0,67,6.0
684,684,,17,311,8.0
685,685,,1,366,6.0
686,686,,12,311,6.0
687,687,,8,248,7.0
688,688,,5,229,6.0
689,689,,3,422,7.0
690,690,,4,40,8.0
691,691,,5,181,6.0
692,692,,2,184,6.0
693,693,,2,264,8.0
694,694,,11,180,7.0
695,695,,9,495,7.0
696,696,,7,411,6.0
697,697,,0,68,8.0
698,698,,8,267,7.0
699,699,,5,220,6.0
700,700,,3,229,7.0
701,701,,1,69,5.0
702,702,,7,180,7.0
703,703,,8,180,6.0
704,704,,16,180,6.0
705,705,,0,70,5.0
706,706,,13,267,6.0
707,707,,7,424,6.0
708,708,,1,170,6.0
709,709,,2,225,6.0
710,710,,14,220,7.0
711,711,,11,220,7.0
712,712,,1,493,7.0
713,713,,2,40,7.0
714,714,,32,100,7.0
715,715,,5,445,5.0
716,716,,2,453,6.0
717,717,,1,71,6.0
718,718,,15,229,6.0
719,719,,4,445,7.0
720,720,,11,40,6.0
721,721,,3,351,4.0
722,722,,1,72,7.0
723,723,,13,100,5.0
724,724,,24,180,7.0
725,725,,5,445,5.0
726,726,,6,220,6.0
727,727,,6,308,6.0
728,728,,6,325,7.0
729,729,,8,293,6.0
730,730,,1,180,7.0
731,731,,3,226,6.0
732,732,,24,180,6.0
733,733,,2,199,6.0
734,734,,1,180,6.0
735,735,,8,220,5.0
736,736,,3,495,6.0
737,737,,6,73,6.0
738,738,,0,74,6.0
739,739,,0,75,6.0
740,740,,4,227,6.0
741,741,,8,180,7.0
742,742,,1,76,7.0
743,743,,2,220,6.0
744,744,,3,187,8.0
745,745,,2,229,5.0
746,746,,1,493,6.0
747,747,,7,351,6.0
748,748,,7,308,5.0
749,749,,2,414,7.0
750,750,,8,199,7.0
751,751,,7,100,6.0
752,752,,7,181,5.0
753,753,,9,220,6.0
754,754,,0,77,6.0
755,755,,2,134,6.0
756,756,,19,227,6.0
757,757,,3,325,7.0
758,758,,7,495,6.0
759,759,,4,134,6.0
760,760,,7,308,6.0
761,761,,2,199,6.0
762,762,,3,134,6.0
763,763,,6,225,7.0
764,764,,4,411,6.0
765,765,,2,78,7.0
766,766,,11,220,5.0
767,767,,7,134,5.0
768,768,,3,325,5.0
769,769,,11,180,7.0
770,770,,20,222,7.0
771,771,,6,201,6.0
772,772,,32,411,6.0
773,773,,2,351,6.0
774,774,,5,134,7.0
775,775,,1,318,5.0
776,776,,6,267,6.0
777,777,,1,180,6.0
778,778,,5,445,5.0
779,779,,3,325,5.0
780,780,,25,267,6.0
781,781,,3,199,6.0
782,782,,16,308,5.0
783,783,,4,100,5.0
784,784,,4,79,4.0
785,785,,7,495,7.0
786,786,,0,80,6.0
787,787,,3,318,7.0
788,788,,0,81,7.0
789,789,,7,308,5.0
790,790,,17,414,7.0
791,791,,9,293,6.0
792,792,,5,509,7.0
793,793,,7,308,4.0
794,794,,1,134,6.0
795,795,,3,229,6.0
796,796,,6,281,5.0
797,797,,2,180,5.0
798,798,,47,220,6.0
799,799,,7,229,6.0
800,800,,0,82,6.0
801,801,,10,293,7.0
802,802,,3,311,6.0
803,803,,10,445,6.0
804,804,,7,220,6.0
805,805,,1,325,5.0
806,806,,4,234,6.0
807,807,,7,424,6.0
808,808,,1,497,6.0
809,809,,11,239,8.0
810,810,,13,311,6.0
811,811,,5,229,7.0
812,812,,0,83,7.0
813,813,,12,134,7.0
814,814,,6,201,5.0
815,815,,4,308,6.0
816,816,,3,220,5.0
817,817,,11,220,6.0
818,818,,18,361,8.0
819,819,,46,220,6.0
820,820,,2,534,6.0
821,821,,15,180,7.0
822,822,,4,553,6.0
823,823,,12,267,7.0
824,824,,3,293,8.0
825,825,,3,220,6.0
826,826,,10,187,6.0
827,827,,3,534,6.0
828,828,,6,311,8.0
829,829,,8,201,6.0
830,830,,6,311,8.0
831,831,,1,84,6.0
832,832,,11,239,6.0
833,833,,5,311,6.0
834,834,,2,134,6.0
835,835,,5,509,6.0
836,836,,9,267,6.0
837,837,,1,325,6.0
838,838,,10,264,6.0
839,839,,2,439,6.0
840,840,,5,411,7.0
841,841,,31,134,6.0
842,842,,0,85,7.0
843,843,,11,220,5.0
844,844,,7,351,6.0
845,845,,5,267,6.0
846,846,,1,248,5.0
847,847,,0,86,5.0
848,848,,0,87,6.0
849,849,,17,414,7.0
850,850,,5,100,5.0
851,851,,12,267,6.0
852,852,,10,180,7.0
853,853,,4,248,7.0
854,854,,1,422,5.0
855,855,,5,445,6.0
856,856,,0,88,5.0
857,857,,2,180,6.0
858,858,,2,293,6.0
859,859,,11,267,4.0
860,860,,10,220,7.0
861,861,,5,227,7.0
862,862,,1,89,7.0
863,863,,8,180,5.0
864,864,,6,325,6.0
865,865,,0,90,8.0
866,866,,0,91,5.0
867,867,,3,186,7.0
868,868,,2,78,6.0
869,869,,1,187,5.0
870,870,,1,143,7.0
871,871,,21,180,4.0
872,872,,1,293,6.0
873,873,,3,420,6.0
874,874,,4,308,7.0
875,875,,9,248,7.0
876,876,,5,134,5.0
877,877,,3,267,6.0
878,878,,17,414,7.0
879,879,,9,180,7.0
880,880,,4,311,7.0
881,881,,4,425,6.0
882,882,,22,318,5.0
883,883,,25,439,8.0
884,884,,3,325,7.0
885,885,,2,96,6.0
886,886,,0,92,6.0
887,887,,6,445,6.0
888,888,,3,746,5.0
889,889,,9,267,7.0
890,890,,3,40,6.0
891,891,,2,199,7.0
892,892,,20,379,8.0
893,893,,4,180,6.0
894,894,,0,93,5.0
895,895,,1,248,6.0
896,896,,3,625,5.0
897,897,,5,308,5.0
898,898,,6,425,6.0
899,899,,18,180,7.0
900,900,,2,40,7.0
901,901,,8,222,7.0
902,902,,2,98,7.0
903,903,,1,94,6.0
904,904,,0,95,7.0
905,905,,13,201,7.0
906,906,,4,253,6.0
907,907,,8,181,6.0
908,908,,11,222,7.0
909,909,,13,40,7.0
910,910,,7,181,6.0
911,911,,3,187,7.0
912,912,,11,264,7.0
913,913,,1,96,6.0
914,914,,2,422,6.0
915,915,,12,220,7.0
916,916,,3,311,6.0
917,917,,4,293,6.0
918,918,,10,650,7.0
919,919,,0,97,7.0
920,920,,30,134,5.0
921,921,,2,98,7.0
922,922,,7,325,6.0
923,923,,2,311,6.0
924,924,,0,99,5.0
925,925,,11,220,7.0
926,926,,39,220,5.0
927,927,,1,100,5.0
928,928,,15,509,7.0
929,929,,11,100,6.0
930,930,,10,225,7.0
931,931,,5,243,6.0
932,932,,8,225,8.0
933,933,,6,40,6.0
934,934,,2,267,6.0
935,935,,0,101,5.0
936,936,,7,411,6.0
937,937,,1,102,6.0
938,938,,3,414,6.0
939,939,,5,351,6.0
940,940,,20,425,6.0
941,941,,9,267,7.0
942,942,,0,103,7.0
943,943,,4,199,6.0
944,944,,9,414,6.0
945,945,,8,267,6.0
946,946,,6,264,8.0
947,947,,0,104,6.0
948,948,,2,445,6.0
949,949,,1,550,6.0
950,950,,7,180,7.0
951,951,,3,351,6.0
952,952,,0,105,6.0
953,953,,9,134,6.0
954,954,,5,40,7.0
955,955,,8,267,6.0
956,956,,0,106,6.0
957,957,,9,180,6.0
958,958,,2,123,6.0
959,959,,3,495,5.0
960,960,,14,325,4.0
961,961,,4,227,6.0
962,962,,6,445,6.0
963,963,,3,225,6.0
964,964,,17,495,6.0
965,965,,1,151,4.0
966,966,,14,311,5.0
967,967,,16,414,6.0
968,968,,1,420,6.0
969,969,,9,134,6.0
970,970,,7,361,6.0
971,971,,10,201,6.0
972,972,,4,264,6.0
973,973,,6,495,6.0
974,974,,10,414,6.0
975,975,,3,553,6.0
976,976,,6,351,6.0
977,977,,8,222,8.0
978,978,,17,187,7.0
979,979,,2,100,7.0
980,980,,1,439,7.0
981,981,,7,308,5.0
982,982,,5,225,6.0
983,983,,19,425,7.0
984,984,,3,439,6.0
985,985,,2,495,6.0
986,986,,8,325,5.0
987,987,,2,40,6.0
988,988,,1,508,6.0
989,989,,2,187,6.0
990,990,,2,153,6.0
991,991,,5,180,7.0
992,992,,22,180,6.0
993,993,,5,351,5.0
994,994,,3,560,6.0
995,995,,5,325,6.0
996,996,,13,308,6.0
997,997,,4,420,5.0
998,998,,2,229,5.0
999,999,,5,100,5.0
1000,1000,,3,325,5.0
1001,1001,,2,325,4.0
1002,1002,,5,351,6.0
1003,1003,,7,229,6.0
1004,1004,,2,248,7.0
1005,1005,,11,40,7.0
1006,1006,,28,439,8.0
1007,1007,,5,225,7.0
1008,1008,,7,267,7.0
1009,1009,,11,248,7.0
1010,1010,,6,264,7.0
1011,1011,,0,107,4.0
1012,1012,,7,293,7.0
1013,1013,,2,267,6.0
1014,1014,,20,180,6.0
1015,1015,,18,199,7.0
1016,1016,,19,509,6.0
1017,1017,,15,308,6.0
1018,1018,,20,224,7.0
1019,1019,,5,509,7.0
1020,1020,,2,110,6.0
1021,1021,,9,40,7.0
1022,1022,,4,420,6.0
1023,1023,,3,267,7.0
1024,1024,,2,311,6.0
1025,1025,,10,224,7.0
1026,1026,,9,267,7.0
1027,1027,,3,134,7.0
1028,1028,,0,108,8.0
1029,1029,,1,311,5.0
1030,1030,,10,425,6.0
1031,1031,,5,100,6.0
1032,1032,,6,100,6.0
1033,1033,,8,100,7.0
1034,1034,,5,134,7.0
1035,1035,,4,325,4.0
1036,1036,,6,267,6.0
1037,1037,,5,201,6.0
1038,1038,,0,109,7.0
1039,1039,,6,224,7.0
1040,1040,,2,308,5.0
1041,1041,,2,110,6.0
1042,1042,,9,160,6.0
1043,1043,,8,181,6.0
1044,1044,,1,111,6.0
1045,1045,,26,445,6.0
1046,1046,,1,112,6.0
1047,1047,,11,180,6.0
1048,1048,,9,201,7.0
1049,1049,,8,248,6.0
1050,1050,,5,308,6.0
1051,1051,,2,113,8.0
1052,1052,,8,180,7.0
1053,1053,,7,308,7.0
1054,1054,,1,616,5.0
1055,1055,,2,293,7.0
1056,1056,,3,411,7.0
1057,1057,,4,411,7.0
1058,1058,,5,420,6.0
1059,1059,,4,445,5.0
1060,1060,,2,351,6.0
1061,1061,,9,248,7.0
1062,1062,,5,229,7.0
1063,1063,,3,267,7.0
1064,1064,,2,445,6.0
1065,1065,,1,317,6.0
1066,1066,,0,114,6.0
1067,1067,,4,220,6.0
1068,1068,,0,115,7.0
1069,1069,,0,116,4.0
1070,1070,,3,222,6.0
1071,1071,,6,281,7.0
1072,1072,,4,553,6.0
1073,1073,,26,134,6.0
1074,1074,,15,445,6.0
1075,1075,,1,493,6.0
1076,1076,,15,225,6.0
1077,1077,,4,199,6.0
1078,1078,,2,445,6.0
1079,1079,,0,117,7.0
1080,1080,,2,264,7.0
1081,1081,,5,40,7.0
1082,1082,,9,134,6.0
1083,1083,,1,225,5.0
1084,1084,,2,351,5.0
1085,1085,,13,308,6.0
1086,1086,,2,308,5.0
1087,1087,,7,267,7.0
1088,1088,,0,118,6.0
1089,1089,,3,495,5.0
1090,1090,,1,119,6.0
1091,1091,,12,493,7.0
1092,1092,,6,425,7.0
1093,1093,,7,134,6.0
1094,1094,,14,650,6.0
1095,1095,,4,293,7.0
1096,1096,,3,351,5.0
1097,1097,,10,293,6.0
1098,1098,,6,64,6.0
1099,1099,,2,134,4.0
1100,1100,,3,600,6.0
1101,1101,,0,120,2.0
1102,1102,,18,425,7.0
1103,1103,,8,100,7.0
1104,1104,,4,308,6.0
1105,1105,,13,187,7.0
1106,1106,,6,134,6.0
1107,1107,,6,100,6.0
1108,1108,,1,121,7.0
1109,1109,,1,442,6.0
1110,1110,,27,325,6.0
1111,1111,,2,208,6.0
1112,1112,,7,293,7.0
1113,1113,,3,308,6.0
1114,1114,,3,351,7.0
1115,1115,,2,199,5.0
1116,1116,,3,224,7.0
1117,1117,,3,509,7.0
1118,1118,,9,411,6.0
1119,1119,,4,187,7.0
1120,1120,,5,420,7.0
1121,1121,,19,180,7.0
1122,1122,,2,130,6.0
1123,1123,,2,591,5.0
1124,1124,,3,177,7.0
1125,1125,,0,122,7.0
1126,1126,,6,281,6.0
1127,1127,,2,123,6.0
1128,1128,,2,100,7.0
1129,1129,,2,227,6.0
1130,1130,,4,65,5.0
1131,1131,,8,224,6.0
1132,1132,,4,199,6.0
1133,1133,,7,318,6.0
1134,1134,,0,124,4.0
1135,1135,,6,264,7.0
1136,1136,,2,293,7.0
1137,1137,,1,309,5.0
1138,1138,,15,361,6.0
1139,1139,,0,125,6.0
1140,1140,,1,227,7.0
1141,1141,,4,293,7.0
1142,1142,,0,126,5.0
1143,1143,,4,227,7.0
1144,1144,,0,127,5.0
1145,1145,,13,100,8.0
1146,1146,,15,361,6.0
1147,1147,,3,422,6.0
1148,1148,,2,224,7.0
1149,1149,,13,293,7.0
1150,1150,,14,191,7.0
1151,1151,,3,411,6.0
1152,1152,,11,239,7.0
1153,1153,,6,495,6.0
1154,1154,,8,293,5.0
1155,1155,,1,325,5.0
1156,1156,,12,180,7.0
1157,1157,,43,220,6.0
1158,1158,,9,180,7.0
1159,1159,,9,267,7.0
1160,1160,,5,560,7.0
1161,1161,,6,264,7.0
1162,1162,,3,220,6.0
1163,1163,,9,160,5.0
1164,1164,,14,325,6.0
1165,1165,,11,239,7.0
1166,1166,,12,220,6.0
1167,1167,,3,425,7.0
1168,1168,,5,425,7.0
1169,1169,,5,227,7.0
1170,1170,,7,534,7.0
1171,1171,,1,248,5.0
1172,1172,,2,100,7.0
1173,1173,,3,267,7.0
1174,1174,,13,311,6.0
1175,1175,,0,128,7.0
1176,1176,,9,293,7.0
1177,1177,,21,325,7.0
1178,1178,,0,129,6.0
1179,1179,,2,130,7.0
1180,1180,,7,248,6.0
1181,1181,,12,493,8.0
1182,1182,,5,308,5.0
1183,1183,,3,267,6.0
1184,1184,,4,509,6.0
1185,1185,,3,191,6.0
1186,1186,,3,351,5.0
1187,1187,,27,439,7.0
1188,1188,,4,325,6.0
1189,1189,,4,194,6.0
1190,1190,,6,534,6.0
1191,1191,,10,134,6.0
1192,1192,,1,325,5.0
1193,1193,,4,222,7.0
1194,1194,,1,220,7.0
1195,1195,,8,225,7.0
1196,1196,,8,100,8.0
1197,1197,,7,311,6.0
1198,1198,,0,131,6.0
1199,1199,,2,445,7.0
1200,1200,,5,224,6.0
1201,1201,,3,445,6.0
1202,1202,,7,445,6.0
1203,1203,,5,100,6.0
1204,1204,,1,553,7.0
1205,1205,,16,199,6.0
1206,1206,,1,132,7.0
1207,1207,,0,133,6.0
1208,1208,,15,414,7.0
1209,1209,,14,181,7.0
1210,1210,,15,225,6.0
1211,1211,,28,439,7.0
1212,1212,,25,134,6.0
1213,1213,,10,351,5.0
1214,1214,,7,181,5.0
1215,1215,,2,534,6.0
1216,1216,,2,180,6.0
1217,1217,,5,420,7.0
1218,1218,,3,191,5.0
1219,1219,,10,325,6.0
1220,1220,,10,180,6.0
1221,1221,,3,493,7.0
1222,1222,,3,363,5.0
1223,1223,,6,248,5.0
1224,1224,,4,351,6.0
1225,1225,,4,495,5.0
1226,1226,,2,267,7.0
1227,1227,,11,248,6.0
1228,1228,,39,220,6.0
1229,1229,,1,229,6.0
1230,1230,,3,222,5.0
1231,1231,,17,425,7.0
1232,1232,,1,420,6.0
1233,1233,,1,40,6.0
1234,1234,,1,137,6.0
1235,1235,,9,220,7.0
1236,1236,,8,445,5.0
1237,1237,,5,220,5.0
1238,1238,,0,135,5.0
1239,1239,,7,134,5.0
1240,1240,,1,199,6.0
1241,1241,,3,318,6.0
1242,1242,,13,325,5.0
1243,1243,,8,379,7.0
1244,1244,,9,267,6.0
1245,1245,,2,110,7.0
1246,1246,,1,411,7.0
1247,1247,,3,226,6.0
1248,1248,,3,411,6.0
1249,1249,,3,351,5.0
1250,1250,,8,134,6.0
1251,1251,,2,495,5.0
1252,1252,,2,136,7.0
1253,1253,,3,420,6.0
1254,1254,,2,314,5.0
1255,1255,,4,325,7.0
1256,1256,,1,224,4.0
1257,1257,,5,187,8.0
1258,1258,,7,308,6.0
1259,1259,,6,351,6.0
1260,1260,,2,227,8.0
1261,1261,,4,229,6.0
1262,1262,,9,180,6.0
1263,1263,,3,220,7.0
1264,1264,,2,181,6.0
1265,1265,,1,729,3.0
1266,1266,,7,425,6.0
1267,1267,,1,308,6.0
1268,1268,,6,160,6.0
1269,1269,,1,267,5.0
1270,1270,,1,293,4.0
1271,1271,,1,231,7.0
1272,1272,,7,411,6.0
1273,1273,,1,137,5.0
1274,1274,,11,180,5.0
1275,1275,,6,267,7.0
1276,1276,,6,445,6.0
1277,1277,,1,100,5.0
1278,1278,,6,325,6.0
1279,1279,,0,138,5.0
1280,1280,,3,351,7.0
1281,1281,,1,199,6.0
1282,1282,,2,509,7.0
1283,1283,,10,227,7.0
1284,1284,,0,139,6.0
1285,1285,,0,140,4.0
1286,1286,,5,325,7.0
1287,1287,,1,267,7.0
1288,1288,,0,141,6.0
1289,1289,,5,325,7.0
1290,1290,,0,142,8.0
1291,1291,,4,220,7.0
1292,1292,,1,509,6.0
1293,1293,,6,293,7.0
1294,1294,,2,1,7.0
1295,1295,,4,222,5.0
1296,1296,,1,143,5.0
1297,1297,,6,181,6.0
1298,1298,,3,267,7.0
1299,1299,,5,308,6.0
1300,1300,,4,509,6.0
1301,1301,,3,445,6.0
1302,1302,,21,445,5.0
1303,1303,,0,144,6.0
1304,1304,,3,293,6.0
1305,1305,,9,100,7.0
1306,1306,,0,145,7.0
1307,1307,,7,201,7.0
1308,1308,,5,293,6.0
1309,1309,,2,445,6.0
1310,1310,,5,243,5.0
1311,1311,,5,325,6.0
1312,1312,,3,229,6.0
1313,1313,,5,425,6.0
1314,1314,,12,293,6.0
1315,1315,,9,308,6.0
1316,1316,,1,189,7.0
1317,1317,,5,267,6.0
1318,1318,,10,311,8.0
1319,1319,,4,325,6.0
1320,1320,,1,671,6.0
1321,1321,,4,134,5.0
1322,1322,,0,146,6.0
1323,1323,,3,337,7.0
1324,1324,,1,147,4.0
1325,1325,,5,411,7.0
1326,1326,,15,361,6.0
1327,1327,,1,422,7.0
1328,1328,,14,180,7.0
1329,1329,,4,225,6.0
1330,1330,,17,227,7.0
1331,1331,,0,148,6.0
1332,1332,,16,267,8.0
1333,1333,,4,337,8.0
1334,1334,,11,160,5.0
1335,1335,,0,149,6.0
1336,1336,,25,411,7.0
1337,1337,,4,187,6.0
1338,1338,,15,191,7.0
1339,1339,,6,199,6.0
1340,1340,,3,422,7.0
1341,1341,,0,150,5.0
1342,1342,,14,495,7.0
1343,1343,,1,439,6.0
1344,1344,,38,220,6.0
1345,1345,,8,553,7.0
1346,1346,,2,414,5.0
1347,1347,,7,180,6.0
1348,1348,,2,98,5.0
1349,1349,,9,201,6.0
1350,1350,,9,100,6.0
1351,1351,,4,199,6.0
1352,1352,,4,264,8.0
1353,1353,,1,151,5.0
1354,1354,,2,179,5.0
1355,1355,,3,591,5.0
1356,1356,,20,220,7.0
1357,1357,,0,152,7.0
1358,1358,,8,229,6.0
1359,1359,,24,293,7.0
1360,1360,,2,153,6.0
1361,1361,,11,134,6.0
1362,1362,,5,40,7.0
1363,1363,,13,293,6.0
1364,1364,,7,311,7.0
1365,1365,,7,227,7.0
1366,1366,,7,422,7.0
1367,1367,,6,134,6.0
1368,1368,,7,311,6.0
1369,1369,,19,379,7.0
1370,1370,,4,509,7.0
1371,1371,,4,420,6.0
1372,1372,,2,374,6.0
1373,1373,,5,534,7.0
1374,1374,,22,134,8.0
1375,1375,,11,222,6.0
1376,1376,,11,201,6.0
1377,1377,,8,318,6.0
1378,1378,,3,325,7.0
1379,1379,,3,180,6.0
1380,1380,,6,351,6.0
1381,1381,,6,351,7.0
1382,1382,,1,411,6.0
1383,1383,,1,403,7.0
1384,1384,,1,760,7.0
1385,1385,,4,194,6.0
1386,1386,,5,40,7.0
1387,1387,,11,650,7.0
1388,1388,,4,420,6.0
1389,1389,,3,181,5.0
1390,1390,,0,154,6.0
1391,1391,,17,220,5.0
1392,1392,,8,181,5.0
1393,1393,,4,248,6.0
1394,1394,,6,64,7.0
1395,1395,,7,325,6.0
1396,1396,,10,318,7.0
1397,1397,,17,227,6.0
1398,1398,,10,325,5.0
1399,1399,,6,248,7.0
1400,1400,,0,155,6.0
1401,1401,,3,181,6.0
1402,1402,,5,445,5.0
1403,1403,,2,546,7.0
1404,1404,,0,156,4.0
1405,1405,,5,425,8.0
1406,1406,,5,187,6.0
1407,1407,,11,225,6.0
1408,1408,,4,100,7.0
1409,1409,,15,414,6.0
1410,1410,,3,229,6.0
1411,1411,,1,157,5.0
1412,1412,,7,239,6.0
1413,1413,,2,222,6.0
1414,1414,,0,158,6.0
1415,1415,,0,159,6.0
1416,1416,,10,160,6.0
1417,1417,,9,445,5.0
1418,1418,,12,414,6.0
1419,1419,,0,161,6.0
1420,1420,,6,100,6.0
1421,1421,,12,308,6.0
1422,1422,,2,454,6.0
1423,1423,,1,633,6.0
1424,1424,,5,100,7.0
1425,1425,,6,420,6.0
1426,1426,,0,162,5.0
1427,1427,,19,318,7.0
1428,1428,,4,160,5.0
1429,1429,,2,267,6.0
1430,1430,,13,325,5.0
1431,1431,,3,100,6.0
1432,1432,,37,220,5.0
1433,1433,,2,248,7.0
1434,1434,,7,293,6.0
1435,1435,,4,199,6.0
1436,1436,,4,199,5.0
1437,1437,,0,163,5.0
1438,1438,,0,164,6.0
1439,1439,,3,411,6.0
1440,1440,,0,165,6.0
1441,1441,,3,363,7.0
1442,1442,,18,318,6.0
1443,1443,,6,199,6.0
1444,1444,,3,361,7.0
1445,1445,,2,351,5.0
1446,1446,,7,267,7.0
1447,1447,,0,166,5.0
1448,1448,,3,325,6.0
1449,1449,,6,227,5.0
1450,1450,,0,167,6.0
1451,1451,,36,220,5.0
1452,1452,,12,239,7.0
1453,1453,,3,325,5.0
1454,1454,,7,267,7.0
1455,1455,,14,134,7.0
1456,1456,,5,293,8.0
1457,1457,,11,180,7.0
1458,1458,,3,134,6.0
1459,1459,,0,168,7.0
1460,1460,,0,169,7.0
1461,1461,,7,293,7.0
1462,1462,,7,293,7.0
1463,1463,,3,495,6.0
1464,1464,,2,264,0.0
1465,1465,,1,170,7.0
1466,1466,,1,291,5.0
1467,1467,,21,379,7.0
1468,1468,,5,179,7.0
1469,1469,,15,180,5.0
1470,1470,,10,411,5.0
1471,1471,,4,280,8.0
1472,1472,,6,411,7.0
1473,1473,,2,229,5.0
1474,1474,,1,267,5.0
1475,1475,,1,171,5.0
1476,1476,,2,199,7.0
1477,1477,,1,311,7.0
1478,1478,,9,201,7.0
1479,1479,,3,325,5.0
1480,1480,,3,308,6.0
1481,1481,,0,172,6.0
1482,1482,,0,173,5.0
1483,1483,,0,174,7.0
1484,1484,,5,351,5.0
1485,1485,,0,175,5.0
1486,1486,,0,176,6.0
1487,1487,,2,325,7.0
1488,1488,,3,351,6.0
1489,1489,,5,64,6.0
1490,1490,,3,439,8.0
1491,1491,,4,361,6.0
1492,1492,,1,510,7.0
1493,1493,,3,1063,5.0
1494,1494,,6,445,6.0
1495,1495,,5,267,6.0
1496,1496,,6,308,5.0
1497,1497,,8,134,7.0
1498,1498,,2,699,6.0
1499,1499,,3,177,7.0
1500,1500,,15,361,6.0
1501,1501,,2,411,6.0
1502,1502,,3,411,7.0
1503,1503,,1,325,6.0
1504,1504,,0,178,6.0
1505,1505,,9,308,5.0
1506,1506,,3,179,7.0
1507,1507,,19,100,7.0
1508,1508,,19,180,6.0
1509,1509,,1,227,7.0
1510,1510,,25,439,6.0
1511,1511,,2,445,6.0
1512,1512,,17,425,7.0
1513,1513,,4,351,6.0
1514,1514,,8,293,6.0
1515,1515,,5,199,6.0
1516,1516,,21,379,7.0
1517,1517,,0,182,6.0
1518,1518,,6,351,4.0
1519,1519,,7,201,5.0
1520,1520,,0,183,5.0
1521,1521,,2,184,7.0
1522,1522,,1,588,7.0
1523,1523,,10,40,6.0
1524,1524,,0,185,5.0
1525,1525,,3,186,8.0
1526,1526,,1,509,6.0
1527,1527,,11,308,7.0
1528,1528,,4,351,6.0
1529,1529,,20,224,7.0
1530,1530,,12,239,7.0
1531,1531,,4,224,6.0
1532,1532,,9,187,8.0
1533,1533,,5,100,6.0
1534,1534,,4,100,6.0
1535,1535,,6,222,7.0
1536,1536,,1,187,6.0
1537,1537,,4,293,6.0
1538,1538,,12,293,7.0
1539,1539,,12,181,6.0
1540,1540,,2,445,6.0
1541,1541,,1,229,8.0
1542,1542,,6,180,7.0
1543,1543,,0,188,7.0
1544,1544,,2,220,6.0
1545,1545,,4,351,7.0
1546,1546,,15,495,7.0
1547,1547,,1,189,7.0
1548,1548,,2,422,6.0
1549,1549,,11,293,7.0
1550,1550,,6,625,6.0
1551,1551,,16,445,7.0
1552,1552,,2,625,7.0
1553,1553,,8,264,8.0
1554,1554,,1,267,7.0
1555,1555,,0,190,7.0
1556,1556,,14,414,8.0
1557,1557,,14,414,8.0
1558,1558,,7,308,6.0
1559,1559,,15,191,8.0
1560,1560,,2,191,6.0
1561,1561,,4,534,6.0
1562,1562,,0,192,6.0
1563,1563,,8,100,6.0
1564,1564,,6,267,7.0
1565,1565,,5,509,7.0
1566,1566,,16,509,7.0
1567,1567,,3,222,6.0
1568,1568,,2,193,7.0
1569,1569,,9,425,5.0
1570,1570,,1,214,6.0
1571,1571,,2,422,6.0
1572,1572,,4,194,6.0
1573,1573,,9,420,7.0
1574,1574,,0,195,6.0
1575,1575,,3,224,6.0
1576,1576,,4,293,6.0
1577,1577,,37,220,5.0
1578,1578,,5,293,6.0
1579,1579,,21,379,7.0
1580,1580,,0,196,6.0
1581,1581,,1,325,7.0
1582,1582,,1,325,6.0
1583,1583,,20,134,6.0
1584,1584,,3,308,6.0
1585,1585,,5,181,6.0
1586,1586,,6,224,6.0
1587,1587,,0,197,7.0
1588,1588,,16,180,7.0
1589,1589,,4,411,5.0
1590,1590,,7,225,7.0
1591,1591,,5,293,7.0
1592,1592,,12,267,6.0
1593,1593,,10,248,5.0
1594,1594,,9,293,7.0
1595,1595,,2,351,7.0
1596,1596,,2,113,7.0
1597,1597,,6,180,7.0
1598,1598,,22,318,6.0
1599,1599,,5,509,7.0
1600,1600,,1,198,7.0
1601,1601,,3,191,7.0
1602,1602,,4,439,6.0
1603,1603,,2,227,7.0
1604,1604,,4,199,6.0
1605,1605,,2,100,7.0
1606,1606,,4,311,4.0
1607,1607,,10,293,7.0
1608,1608,,1,200,6.0
1609,1609,,4,201,7.0
1610,1610,,4,225,7.0
1611,1611,,1,560,4.0
1612,1612,,17,100,6.0
1613,1613,,2,180,6.0
1614,1614,,3,191,7.0
1615,1615,,3,351,7.0
1616,1616,,3,220,5.0
1617,1617,,8,293,7.0
1618,1618,,12,40,6.0
1619,1619,,0,202,6.0
1620,1620,,15,361,7.0
1621,1621,,0,203,4.0
1622,1622,,3,311,6.0
1623,1623,,3,40,6.0
1624,1624,,2,123,6.0
1625,1625,,7,318,5.0
1626,1626,,8,181,5.0
1627,1627,,3,318,6.0
1628,1628,,0,204,6.0
1629,1629,,0,205,5.0
1630,1630,,4,194,6.0
1631,1631,,11,180,5.0
1632,1632,,18,293,7.0
1633,1633,,1,348,5.0
1634,1634,,1,325,6.0
1635,1635,,16,180,6.0
1636,1636,,0,206,5.0
1637,1637,,7,225,5.0
1638,1638,,13,267,7.0
1639,1639,,4,199,6.0
1640,1640,,4,264,7.0
1641,1641,,5,445,6.0
1642,1642,,4,325,6.0
1643,1643,,16,224,5.0
1644,1644,,7,411,6.0
1645,1645,,0,207,5.0
1646,1646,,11,201,5.0
1647,1647,,2,208,7.0
1648,1648,,3,227,6.0
1649,1649,,3,267,6.0
1650,1650,,4,420,4.0
1651,1651,,12,264,5.0
1652,1652,,3,351,3.0
1653,1653,,0,209,6.0
1654,1654,,3,351,5.0
1655,1655,,0,210,6.0
1656,1656,,0,211,5.0
1657,1657,,7,227,7.0
1658,1658,,5,308,6.0
1659,1659,,0,212,7.0
1660,1660,,18,220,6.0
1661,1661,,4,199,6.0
1662,1662,,6,267,7.0
1663,1663,,5,311,8.0
1664,1664,,0,213,6.0
1665,1665,,2,673,7.0
1666,1666,,12,264,6.0
1667,1667,,1,277,5.0
1668,1668,,1,214,6.0
1669,1669,,0,215,5.0
1670,1670,,1,351,5.0
1671,1671,,1,456,7.0
1672,1672,,0,216,5.0
1673,1673,,1,299,6.0
1674,1674,,9,411,5.0
1675,1675,,2,227,6.0
1676,1676,,5,308,6.0
1677,1677,,3,225,7.0
1678,1678,,1,325,3.0
1679,1679,,0,217,6.0
1680,1680,,0,218,6.0
1681,1681,,2,311,7.0
1682,1682,,6,311,6.0
1683,1683,,2,220,7.0
1684,1684,,4,509,7.0
1685,1685,,13,181,6.0
1686,1686,,11,180,6.0
1687,1687,,16,267,7.0
1688,1688,,2,253,7.0
1689,1689,,3,591,5.0
1690,1690,,5,311,6.0
1691,1691,,1,308,7.0
1692,1692,,4,100,6.0
1693,1693,,0,219,5.0
1694,1694,,2,493,7.0
1695,1695,,2,100,7.0
1696,1696,,9,180,8.0
1697,1697,,28,439,7.0
1698,1698,,0,221,6.0
1699,1699,,11,134,6.0
1700,1700,,10,425,7.0
1701,1701,,10,325,6.0
1702,1702,,13,222,8.0
1703,1703,,3,1063,6.0
1704,1704,,3,253,7.0
1705,1705,,16,293,6.0
1706,1706,,4,411,7.0
1707,1707,,7,248,7.0
1708,1708,,10,424,6.0
1709,1709,,0,223,7.0
1710,1710,,15,187,7.0
1711,1711,,5,509,7.0
1712,1712,,5,267,6.0
1713,1713,,9,224,6.0
1714,1714,,4,534,7.0
1715,1715,,7,134,6.0
1716,1716,,8,420,6.0
1717,1717,,5,227,7.0
1718,1718,,7,445,6.0
1719,1719,,4,100,6.0
1720,1720,,17,361,7.0
1721,1721,,2,351,6.0
1722,1722,,7,325,5.0
1723,1723,,21,220,6.0
1724,1724,,6,225,8.0
1725,1725,,6,267,8.0
1726,1726,,3,226,7.0
1727,1727,,3,220,6.0
1728,1728,,4,425,7.0
1729,1729,,6,227,5.0
1730,1730,,1,228,7.0
1731,1731,,11,181,6.0
1732,1732,,3,229,6.0
1733,1733,,4,308,6.0
1734,1734,,2,546,6.0
1735,1735,,1,311,5.0
1736,1736,,5,325,6.0
1737,1737,,3,509,6.0
1738,1738,,11,379,7.0
1739,1739,,4,420,6.0
1740,1740,,14,361,6.0
1741,1741,,1,267,6.0
1742,1742,,1,296,6.0
1743,1743,,6,224,6.0
1744,1744,,3,420,6.0
1745,1745,,14,191,7.0
1746,1746,,6,160,6.0
1747,1747,,3,414,7.0
1748,1748,,2,379,7.0
1749,1749,,3,351,6.0
1750,1750,,2,220,7.0
1751,1751,,2,100,6.0
1752,1752,,8,411,6.0
1753,1753,,13,181,8.0
1754,1754,,1,562,6.0
1755,1755,,5,424,7.0
1756,1756,,5,425,7.0
1757,1757,,4,134,6.0
1758,1758,,2,208,7.0
1759,1759,,6,224,7.0
1760,1760,,3,420,6.0
1761,1761,,6,100,7.0
1762,1762,,7,325,7.0
1763,1763,,2,553,7.0
1764,1764,,0,230,7.0
1765,1765,,10,1039,6.0
1766,1766,,1,231,6.0
1767,1767,,1,762,6.0
1768,1768,,0,232,7.0
1769,1769,,10,325,4.0
1770,1770,,0,233,7.0
1771,1771,,1,325,6.0
1772,1772,,9,180,6.0
1773,1773,,10,229,6.0
1774,1774,,10,187,5.0
1775,1775,,4,201,6.0
1776,1776,,6,73,7.0
1777,1777,,4,220,5.0
1778,1778,,7,509,6.0
1779,1779,,5,420,6.0
1780,1780,,4,234,7.0
1781,1781,,0,235,6.0
1782,1782,,12,445,6.0
1783,1783,,8,325,7.0
1784,1784,,4,308,7.0
1785,1785,,12,222,7.0
1786,1786,,16,180,6.0
1787,1787,,2,414,7.0
1788,1788,,13,325,6.0
1789,1789,,8,351,6.0
1790,1790,,2,227,7.0
1791,1791,,3,325,5.0
1792,1792,,11,351,6.0
1793,1793,,8,425,6.0
1794,1794,,2,134,5.0
1795,1795,,6,100,7.0
1796,1796,,3,40,7.0
1797,1797,,1,236,5.0
1798,1798,,4,445,6.0
1799,1799,,2,650,6.0
1800,1800,,4,225,6.0
1801,1801,,9,181,5.0
1802,1802,,0,237,5.0
1803,1803,,1,563,6.0
1804,1804,,7,225,6.0
1805,1805,,21,379,7.0
1806,1806,,2,293,4.0
1807,1807,,0,238,5.0
1808,1808,,3,180,6.0
1809,1809,,2,264,7.0
1810,1810,,5,445,7.0
1811,1811,,11,220,7.0
1812,1812,,16,187,8.0
1813,1813,,10,414,8.0
1814,1814,,8,493,6.0
1815,1815,,1,325,7.0
1816,1816,,2,384,7.0
1817,1817,,2,239,6.0
1818,1818,,28,439,8.0
1819,1819,,3,40,8.0
1820,1820,,3,227,6.0
1821,1821,,10,308,5.0
1822,1822,,0,240,5.0
1823,1823,,3,325,6.0
1824,1824,,5,40,5.0
1825,1825,,4,445,6.0
1826,1826,,3,222,6.0
1827,1827,,0,241,6.0
1828,1828,,12,311,8.0
1829,1829,,17,227,8.0
1830,1830,,5,225,6.0
1831,1831,,0,242,7.0
1832,1832,,8,227,7.0
1833,1833,,4,509,5.0
1834,1834,,5,243,6.0
1835,1835,,4,445,6.0
1836,1836,,2,134,7.0
1837,1837,,2,325,6.0
1838,1838,,15,134,7.0
1839,1839,,6,351,6.0
1840,1840,,4,100,7.0
1841,1841,,13,191,7.0
1842,1842,,8,227,7.0
1843,1843,,8,191,7.0
1844,1844,,4,267,6.0
1845,1845,,7,225,6.0
1846,1846,,3,253,7.0
1847,1847,,16,379,8.0
1848,1848,,11,180,5.0
1849,1849,,4,225,6.0
1850,1850,,2,134,8.0
1851,1851,,2,625,6.0
1852,1852,,2,134,7.0
1853,1853,,3,229,6.0
1854,1854,,7,220,6.0
1855,1855,,4,337,8.0
1856,1856,,0,244,6.0
1857,1857,,0,245,6.0
1858,1858,,6,160,6.0
1859,1859,,4,220,6.0
1860,1860,,4,248,6.0
1861,1861,,2,181,6.0
1862,1862,,3,424,5.0
1863,1863,,3,227,7.0
1864,1864,,12,248,6.0
1865,1865,,3,229,6.0
1866,1866,,1,612,6.0
1867,1867,,13,191,6.0
1868,1868,,5,325,6.0
1869,1869,,2,509,7.0
1870,1870,,5,243,6.0
1871,1871,,0,246,6.0
1872,1872,,0,247,5.0
1873,1873,,1,268,6.0
1874,1874,,3,180,7.0
1875,1875,,8,248,7.0
1876,1876,,2,325,6.0
1877,1877,,7,134,7.0
1878,1878,,0,249,5.0
1879,1879,,4,325,5.0
1880,1880,,0,250,5.0
1881,1881,,4,40,9.0
1882,1882,,9,495,5.0
1883,1883,,4,248,7.0
1884,1884,,2,251,6.0
1885,1885,,2,509,7.0
1886,1886,,0,252,6.0
1887,1887,,2,253,7.0
1888,1888,,0,254,7.0
1889,1889,,13,650,7.0
1890,1890,,6,222,6.0
1891,1891,,6,227,7.0
1892,1892,,1,494,6.0
1893,1893,,7,325,5.0
1894,1894,,3,351,6.0
1895,1895,,3,337,7.0
1896,1896,,3,160,7.0
1897,1897,,4,248,5.0
1898,1898,,3,177,5.0
1899,1899,,0,255,5.0
1900,1900,,0,256,5.0
1901,1901,,1,351,7.0
1902,1902,,2,180,5.0
1903,1903,,1,325,6.0
1904,1904,,2,224,4.0
1905,1905,,9,325,5.0
1906,1906,,4,181,6.0
1907,1907,,5,625,5.0
1908,1908,,18,220,4.0
1909,1909,,6,227,7.0
1910,1910,,3,351,6.0
1911,1911,,2,351,5.0
1912,1912,,4,439,7.0
1913,1913,,7,445,7.0
1914,1914,,4,318,6.0
1915,1915,,21,411,6.0
1916,1916,,6,187,7.0
1917,1917,,2,257,6.0
1918,1918,,6,311,7.0
1919,1919,,5,411,6.0
1920,1920,,8,411,8.0
1921,1921,,12,264,7.0
1922,1922,,6,445,7.0
1923,1923,,14,180,6.0
1924,1924,,0,258,5.0
1925,1925,,0,259,6.0
1926,1926,,0,260,6.0
1927,1927,,2,424,5.0
1928,1928,,4,134,6.0
1929,1929,,9,227,6.0
1930,1930,,1,222,6.0
1931,1931,,2,346,7.0
1932,1932,,0,261,5.0
1933,1933,,0,262,6.0
1934,1934,,3,503,5.0
1935,1935,,9,318,7.0
1936,1936,,1,439,6.0
1937,1937,,0,263,5.0
1938,1938,,1,264,6.0
1939,1939,,4,79,4.0
1940,1940,,8,425,7.0
1941,1941,,6,509,6.0
1942,1942,,0,265,6.0
1943,1943,,0,266,6.0
1944,1944,,1,1039,7.0
1945,1945,,3,311,8.0
1946,1946,,5,411,6.0
1947,1947,,4,267,6.0
1948,1948,,1,268,7.0
1949,1949,,4,293,6.0
1950,1950,,0,269,4.0
1951,1951,,0,270,6.0
1952,1952,,7,267,5.0
1953,1953,,7,267,6.0
1954,1954,,0,271,7.0
1955,1955,,1,289,7.0
1956,1956,,1,272,4.0
1957,1957,,11,425,7.0
1958,1958,,4,325,6.0
1959,1959,,2,437,7.0
1960,1960,,4,224,7.0
1961,1961,,13,325,6.0
1962,1962,,4,411,5.0
1963,1963,,5,225,6.0
1964,1964,,6,445,6.0
1965,1965,,0,273,6.0
1966,1966,,6,220,7.0
1967,1967,,9,308,7.0
1968,1968,,3,325,5.0
1969,1969,,0,274,6.0
1970,1970,,8,160,6.0
1971,1971,,4,509,6.0
1972,1972,,2,509,6.0
1973,1973,,1,275,6.0
1974,1974,,12,509,8.0
1975,1975,,4,509,6.0
1976,1976,,1,220,6.0
1977,1977,,0,276,6.0
1978,1978,,5,445,5.0
1979,1979,,1,466,6.0
1980,1980,,2,553,5.0
1981,1981,,3,229,5.0
1982,1982,,1,293,7.0
1983,1983,,1,277,4.0
1984,1984,,0,278,7.0
1985,1985,,0,279,5.0
1986,1986,,3,411,6.0
1987,1987,,4,280,8.0
1988,1988,,2,351,7.0
1989,1989,,6,281,6.0
1990,1990,,4,439,8.0
1991,1991,,5,351,7.0
1992,1992,,2,160,7.0
1993,1993,,6,351,6.0
1994,1994,,1,282,7.0
1995,1995,,3,325,7.0
1996,1996,,12,509,6.0
1997,1997,,1,227,8.0
1998,1998,,7,318,6.0
1999,1999,,0,283,5.0
2000,2000,,4,553,6.0
2001,2001,,0,284,6.0
2002,2002,,11,40,6.0
2003,2003,,0,285,4.0
2004,2004,,2,553,7.0
2005,2005,,0,286,7.0
2006,2006,,7,264,7.0
2007,2007,,8,495,6.0
2008,2008,,1,411,7.0
2009,2009,,1,287,7.0
2010,2010,,0,288,6.0
2011,2011,,14,425,6.0
2012,2012,,6,509,6.0
2013,2013,,1,289,7.0
2014,2014,,3,199,7.0
2015,2015,,5,1083,7.0
2016,2016,,6,248,7.0
2017,2017,,2,181,7.0
2018,2018,,4,248,7.0
2019,2019,,2,229,6.0
2020,2020,,3,40,7.0
2021,2021,,5,243,6.0
2022,2022,,14,414,7.0
2023,2023,,9,181,5.0
2024,2024,,1,308,7.0
2025,2025,,5,227,7.0
2026,2026,,3,411,6.0
2027,2027,,12,180,7.0
2028,2028,,0,290,6.0
2029,2029,,1,439,7.0
2030,2030,,5,199,6.0
2031,2031,,9,40,6.0
2032,2032,,3,308,7.0
2033,2033,,4,160,5.0
2034,2034,,1,291,6.0
2035,2035,,1,100,6.0
2036,2036,,6,181,5.0
2037,2037,,2,376,6.0
2038,2038,,11,650,6.0
2039,2039,,7,160,6.0
2040,2040,,0,292,5.0
2041,2041,,5,227,6.0
2042,2042,,10,325,5.0
2043,2043,,9,411,6.0
2044,2044,,1,362,6.0
2045,2045,,5,293,6.0
2046,2046,,6,495,4.0
2047,2047,,0,294,4.0
2048,2048,,1,295,5.0
2049,2049,,2,625,4.0
2050,2050,,1,296,5.0
2051,2051,,2,264,6.0
2052,2052,,2,495,7.0
2053,2053,,0,297,7.0
2054,2054,,0,298,6.0
2055,2055,,8,100,6.0
2056,2056,,3,199,6.0
2057,2057,,3,351,7.0
2058,2058,,1,425,5.0
2059,2059,,1,299,7.0
2060,2060,,2,267,7.0
2061,2061,,9,100,7.0
2062,2062,,3,181,6.0
2063,2063,,4,227,7.0
2064,2064,,1,300,6.0
2065,2065,,21,379,6.0
2066,2066,,18,414,6.0
2067,2067,,7,180,7.0
2068,2068,,3,201,7.0
2069,2069,,1,301,5.0
2070,2070,,5,445,6.0
2071,2071,,14,293,7.0
2072,2072,,4,325,8.0
2073,2073,,8,191,7.0
2074,2074,,4,351,7.0
2075,2075,,1,325,6.0
2076,2076,,0,302,5.0
2077,2077,,5,40,7.0
2078,2078,,0,303,6.0
2079,2079,,2,534,7.0
2080,2080,,0,304,7.0
2081,2081,,0,305,6.0
2082,2082,,1,327,6.0
2083,2083,,0,306,6.0
2084,2084,,14,425,7.0
2085,2085,,28,439,8.0
2086,2086,,12,220,6.0
2087,2087,,28,439,7.0
2088,2088,,2,411,5.0
2089,2089,,5,267,6.0
2090,2090,,6,424,5.0
2091,2091,,7,425,8.0
2092,2092,,2,318,7.0
2093,2093,,0,307,6.0
2094,2094,,4,439,6.0
2095,2095,,1,308,5.0
2096,2096,,6,560,7.0
2097,2097,,10,308,5.0
2098,2098,,1,311,5.0
2099,2099,,9,1039,7.0
2100,2100,,7,229,5.0
2101,2101,,2,616,6.0
2102,2102,,4,509,7.0
2103,2103,,5,100,7.0
2104,2104,,1,309,7.0
2105,2105,,7,267,8.0
2106,2106,,12,180,6.0
2107,2107,,8,191,6.0
2108,2108,,17,293,8.0
2109,2109,,0,310,8.0
2110,2110,,8,191,6.0
2111,2111,,4,351,7.0
2112,2112,,1,529,6.0
2113,2113,,4,311,4.0
2114,2114,,0,312,6.0
2115,2115,,1,313,7.0
2116,2116,,2,100,6.0
2117,2117,,2,314,5.0
2118,2118,,1,411,6.0
2119,2119,,10,180,6.0
2120,2120,,11,225,7.0
2121,2121,,4,351,7.0
2122,2122,,6,311,3.0
2123,2123,,4,425,8.0
2124,2124,,4,509,6.0
2125,2125,,7,318,5.0
2126,2126,,2,374,6.0
2127,2127,,1,180,6.0
2128,2128,,11,187,6.0
2129,2129,,3,224,6.0
2130,2130,,2,457,6.0
2131,2131,,3,224,7.0
2132,2132,,10,311,4.0
2133,2133,,4,293,7.0
2134,2134,,6,220,7.0
2135,2135,,0,315,7.0
2136,2136,,12,180,7.0
2137,2137,,4,325,5.0
2138,2138,,9,318,6.0
2139,2139,,11,160,5.0
2140,2140,,0,316,6.0
2141,2141,,7,293,7.0
2142,2142,,5,222,6.0
2143,2143,,4,325,5.0
2144,2144,,1,317,6.0
2145,2145,,5,229,6.0
2146,2146,,1,439,5.0
2147,2147,,4,234,6.0
2148,2148,,13,425,7.0
2149,2149,,3,553,5.0
2150,2150,,2,224,6.0
2151,2151,,8,318,7.0
2152,2152,,1,227,8.0
2153,2153,,5,243,6.0
2154,2154,,4,325,6.0
2155,2155,,5,420,7.0
2156,2156,,1,445,6.0
2157,2157,,0,319,6.0
2158,2158,,0,320,6.0
2159,2159,,9,222,6.0
2160,2160,,5,325,5.0
2161,2161,,8,495,7.0
2162,2162,,0,321,5.0
2163,2163,,12,229,5.0
2164,2164,,1,264,6.0
2165,2165,,10,325,5.0
2166,2166,,17,293,7.0
2167,2167,,5,509,7.0
2168,2168,,1,322,6.0
2169,2169,,6,311,6.0
2170,2170,,7,414,8.0
2171,2171,,5,445,5.0
2172,2172,,2,323,7.0
2173,2173,,4,445,6.0
2174,2174,,1,763,5.0
2175,2175,,8,134,7.0
2176,2176,,1,318,7.0
2177,2177,,12,509,7.0
2178,2178,,5,267,8.0
2179,2179,,23,220,6.0
2180,2180,,0,324,5.0
2181,2181,,12,325,7.0
2182,2182,,0,326,6.0
2183,2183,,1,327,6.0
2184,2184,,2,660,7.0
2185,2185,,0,328,4.0
2186,2186,,4,227,7.0
2187,2187,,4,293,7.0
2188,2188,,3,351,6.0
2189,2189,,3,187,5.0
2190,2190,,3,329,5.0
2191,2191,,5,1576,7.0
2192,2192,,0,330,7.0
2193,2193,,1,331,6.0
2194,2194,,10,311,3.0
2195,2195,,2,445,6.0
2196,2196,,9,318,7.0
2197,2197,,0,332,6.0
2198,2198,,1,351,6.0
2199,2199,,16,187,5.0
2200,2200,,3,560,6.0
2201,2201,,21,379,7.0
2202,2202,,1,714,6.0
2203,2203,,8,248,6.0
2204,2204,,13,267,6.0
2205,2205,,1,100,6.0
2206,2206,,5,100,6.0
2207,2207,,10,229,6.0
2208,2208,,11,222,7.0
2209,2209,,0,333,5.0
2210,2210,,0,334,6.0
2211,2211,,12,425,6.0
2212,2212,,2,346,6.0
2213,2213,,21,379,7.0
2214,2214,,2,325,5.0
2215,2215,,6,509,6.0
2216,2216,,8,264,6.0
2217,2217,,21,379,7.0
2218,2218,,6,560,7.0
2219,2219,,6,225,7.0
2220,2220,,3,519,2.0
2221,2221,,4,199,5.0
2222,2222,,4,199,5.0
2223,2223,,1,335,6.0
2224,2224,,0,336,7.0
2225,2225,,5,337,7.0
2226,2226,,0,338,3.0
2227,2227,,0,339,6.0
2228,2228,,2,181,4.0
2229,2229,,5,325,5.0
2230,2230,,4,351,6.0
2231,2231,,1,181,5.0
2232,2232,,4,720,7.0
2233,2233,,1,340,7.0
2234,2234,,11,425,6.0
2235,2235,,5,1039,7.0
2236,2236,,6,293,7.0
2237,2237,,4,79,3.0
2238,2238,,0,341,5.0
2239,2239,,6,425,6.0
2240,2240,,2,342,7.0
2241,2241,,3,227,6.0
2242,2242,,0,343,6.0
2243,2243,,2,181,7.0
2244,2244,,2,225,5.0
2245,2245,,2,193,7.0
2246,2246,,2,227,7.0
2247,2247,,4,280,8.0
2248,2248,,0,344,6.0
2249,2249,,0,345,5.0
2250,2250,,2,346,7.0
2251,2251,,0,347,7.0
2252,2252,,4,424,3.0
2253,2253,,1,348,7.0
2254,2254,,2,349,7.0
2255,2255,,3,425,6.0
2256,2256,,0,350,2.0
2257,2257,,5,534,5.0
2258,2258,,9,351,6.0
2259,2259,,0,352,6.0
2260,2260,,0,353,6.0
2261,2261,,4,222,6.0
2262,2262,,2,660,6.0
2263,2263,,1,180,6.0
2264,2264,,2,411,5.0
2265,2265,,3,650,6.0
2266,2266,,2,264,6.0
2267,2267,,3,354,5.0
2268,2268,,1,355,7.0
2269,2269,,0,356,6.0
2270,2270,,0,357,5.0
2271,2271,,0,358,5.0
2272,2272,,0,359,1.0
2273,2273,,0,360,6.0
2274,2274,,7,361,5.0
2275,2275,,5,267,6.0
2276,2276,,5,425,7.0
2277,2277,,1,362,7.0
2278,2278,,15,224,8.0
2279,2279,,3,363,5.0
2280,2280,,3,134,7.0
2281,2281,,18,220,6.0
2282,2282,,13,325,7.0
2283,2283,,4,325,5.0
2284,2284,,0,364,8.0
2285,2285,,12,239,8.0
2286,2286,,1,293,6.0
2287,2287,,8,191,6.0
2288,2288,,0,365,4.0
2289,2289,,1,366,6.0
2290,2290,,36,220,5.0
2291,2291,,4,134,7.0
2292,2292,,0,367,5.0
2293,2293,,6,411,6.0
2294,2294,,4,280,8.0
2295,2295,,0,368,6.0
2296,2296,,4,318,7.0
2297,2297,,3,439,7.0
2298,2298,,4,311,6.0
2299,2299,,2,369,6.0
2300,2300,,1,743,6.0
2301,2301,,1,351,6.0
2302,2302,,1,400,6.0
2303,2303,,0,370,6.0
2304,2304,,2,622,6.0
2305,2305,,0,371,7.0
2306,2306,,7,351,6.0
2307,2307,,6,227,7.0
2308,2308,,7,134,6.0
2309,2309,,1,351,6.0
2310,2310,,1,308,7.0
2311,2311,,0,372,6.0
2312,2312,,4,194,6.0
2313,2313,,12,445,7.0
2314,2314,,7,267,7.0
2315,2315,,4,65,7.0
2316,2316,,8,509,6.0
2317,2317,,2,437,6.0
2318,2318,,3,318,6.0
2319,2319,,3,222,6.0
2320,2320,,0,373,4.0
2321,2321,,1,222,6.0
2322,2322,,2,374,6.0
2323,2323,,1,375,7.0
2324,2324,,8,229,7.0
2325,2325,,4,225,6.0
2326,2326,,2,376,6.0
2327,2327,,3,495,7.0
2328,2328,,1,201,8.0
2329,2329,,2,439,5.0
2330,2330,,9,509,7.0
2331,2331,,18,220,6.0
2332,2332,,2,622,7.0
2333,2333,,14,224,6.0
2334,2334,,0,377,7.0
2335,2335,,21,379,7.0
2336,2336,,16,180,7.0
2337,2337,,5,424,6.0
2338,2338,,3,224,5.0
2339,2339,,6,311,6.0
2340,2340,,1,191,7.0
2341,2341,,4,100,7.0
2342,2342,,0,378,6.0
2343,2343,,9,495,6.0
2344,2344,,16,379,8.0
2345,2345,,6,318,6.0
2346,2346,,8,187,7.0
2347,2347,,1,717,6.0
2348,2348,,4,267,7.0
2349,2349,,21,379,6.0
2350,2350,,2,308,7.0
2351,2351,,1,180,5.0
2352,2352,,0,380,5.0
2353,2353,,7,411,7.0
2354,2354,,4,267,7.0
2355,2355,,38,220,5.0
2356,2356,,4,220,6.0
2357,2357,,0,381,4.0
2358,2358,,2,311,6.0
2359,2359,,7,134,7.0
2360,2360,,1,498,5.0
2361,2361,,7,293,7.0
2362,2362,,10,201,6.0
2363,2363,,6,445,6.0
2364,2364,,0,382,6.0
2365,2365,,3,414,6.0
2366,2366,,0,383,7.0
2367,2367,,2,384,7.0
2368,2368,,7,425,7.0
2369,2369,,4,509,7.0
2370,2370,,3,229,7.0
2371,2371,,2,267,7.0
2372,2372,,0,385,4.0
2373,2373,,6,73,7.0
2374,2374,,3,411,7.0
2375,2375,,3,325,6.0
2376,2376,,21,379,6.0
2377,2377,,5,248,7.0
2378,2378,,2,695,7.0
2379,2379,,0,386,5.0
2380,2380,,3,318,6.0
2381,2381,,5,351,7.0
2382,2382,,2,445,7.0
2383,2383,,1,40,4.0
2384,2384,,2,325,7.0
2385,2385,,0,387,6.0
2386,2386,,0,388,9.0
2387,2387,,5,134,7.0
2388,2388,,3,445,5.0
2389,2389,,0,389,7.0
2390,2390,,4,311,5.0
2391,2391,,1,390,6.0
2392,2392,,3,420,7.0
2393,2393,,8,191,6.0
2394,2394,,0,391,6.0
2395,2395,,9,191,7.0
2396,2396,,0,392,6.0
2397,2397,,1,293,8.0
2398,2398,,3,100,6.0
2399,2399,,0,393,6.0
2400,2400,,0,394,5.0
2401,2401,,0,395,5.0
2402,2402,,3,354,7.0
2403,2403,,4,2,8.0
2404,2404,,0,396,7.0
2405,2405,,4,445,6.0
2406,2406,,22,220,6.0
2407,2407,,11,509,7.0
2408,2408,,3,746,6.0
2409,2409,,6,311,7.0
2410,2410,,0,397,5.0
2411,2411,,6,160,7.0
2412,2412,,1,398,6.0
2413,2413,,2,560,6.0
2414,2414,,11,509,5.0
2415,2415,,0,399,6.0
2416,2416,,1,400,6.0
2417,2417,,6,229,6.0
2418,2418,,24,220,5.0
2419,2419,,4,264,7.0
2420,2420,,0,401,6.0
2421,2421,,0,402,6.0
2422,2422,,20,220,7.0
2423,2423,,1,403,5.0
2424,2424,,17,293,7.0
2425,2425,,3,411,5.0
2426,2426,,0,404,3.0
2427,2427,,0,405,6.0
2428,2428,,10,180,6.0
2429,2429,,0,406,6.0
2430,2430,,1,267,6.0
2431,2431,,6,181,6.0
2432,2432,,7,425,5.0
2433,2433,,1,134,4.0
2434,2434,,0,407,3.0
2435,2435,,5,411,7.0
2436,2436,,1,222,6.0
2437,2437,,0,408,3.0
2438,2438,,5,509,7.0
2439,2439,,0,409,6.0
2440,2440,,19,180,7.0
2441,2441,,0,410,6.0
2442,2442,,2,180,5.0
2443,2443,,1,411,7.0
2444,2444,,8,134,5.0
2445,2445,,0,412,5.0
2446,2446,,8,100,7.0
2447,2447,,5,227,6.0
2448,2448,,10,493,7.0
2449,2449,,7,293,7.0
2450,2450,,0,413,7.0
2451,2451,,4,227,6.0
2452,2452,,1,575,7.0
2453,2453,,10,414,8.0
2454,2454,,4,248,7.0
2455,2455,,10,201,7.0
2456,2456,,1,311,7.0
2457,2457,,7,220,6.0
2458,2458,,5,445,6.0
2459,2459,,0,415,7.0
2460,2460,,0,416,5.0
2461,2461,,8,187,8.0
2462,2462,,11,351,6.0
2463,2463,,0,417,6.0
2464,2464,,0,418,4.0
2465,2465,,3,325,8.0
2466,2466,,4,308,5.0
2467,2467,,3,420,7.0
2468,2468,,3,325,5.0
2469,2469,,3,229,6.0
2470,2470,,1,419,5.0
2471,2471,,6,420,7.0
2472,2472,,0,421,5.0
2473,2473,,21,379,7.0
2474,2474,,2,229,6.0
2475,2475,,3,493,5.0
2476,2476,,2,40,7.0
2477,2477,,2,422,5.0
2478,2478,,0,423,5.0
2479,2479,,21,379,7.0
2480,2480,,4,509,7.0
2481,2481,,1,448,6.0
2482,2482,,2,424,5.0
2483,2483,,8,425,8.0
2484,2484,,1,229,7.0
2485,2485,,0,426,5.0
2486,2486,,0,427,5.0
2487,2487,,0,428,6.0
2488,2488,,21,379,6.0
2489,2489,,4,318,7.0
2490,2490,,9,222,7.0
2491,2491,,0,429,7.0
2492,2492,,2,424,4.0
2493,2493,,3,425,6.0
2494,2494,,4,759,7.0
2495,2495,,1,267,7.0
2496,2496,,8,311,5.0
2497,2497,,0,430,7.0
2498,2498,,0,431,6.0
2499,2499,,1,432,7.0
2500,2500,,3,329,5.0
2501,2501,,9,227,8.0
2502,2502,,0,433,7.0
2503,2503,,13,325,6.0
2504,2504,,0,434,4.0
2505,2505,,5,509,6.0
2506,2506,,0,435,5.0
2507,2507,,0,436,6.0
2508,2508,,3,495,6.0
2509,2509,,2,248,6.0
2510,2510,,3,293,7.0
2511,2511,,11,220,7.0
2512,2512,,2,437,6.0
2513,2513,,5,224,7.0
2514,2514,,6,267,7.0
2515,2515,,8,293,7.0
2516,2516,,6,40,8.0
2517,2517,,5,425,8.0
2518,2518,,11,445,6.0
2519,2519,,0,438,6.0
2520,2520,,22,439,8.0
2521,2521,,0,440,7.0
2522,2522,,5,425,8.0
2523,2523,,4,224,6.0
2524,2524,,5,293,7.0
2525,2525,,2,52,6.0
2526,2526,,1,325,6.0
2527,2527,,4,308,7.0
2528,2528,,2,441,6.0
2529,2529,,14,425,7.0
2530,2530,,16,293,7.0
2531,2531,,8,191,6.0
2532,2532,,3,40,7.0
2533,2533,,6,325,6.0
2534,2534,,7,411,5.0
2535,2535,,32,220,6.0
2536,2536,,1,442,8.0
2537,2537,,6,187,7.0
2538,2538,,1,220,6.0
2539,2539,,0,443,6.0
2540,2540,,1,444,6.0
2541,2541,,16,325,6.0
2542,2542,,1,100,7.0
2543,2543,,7,509,7.0
2544,2544,,1,422,6.0
2545,2545,,3,325,7.0
2546,2546,,14,445,6.0
2547,2547,,1,446,8.0
2548,2548,,4,308,5.0
2549,2549,,1,503,7.0
2550,2550,,5,414,8.0
2551,2551,,3,1239,5.0
2552,2552,,2,361,7.0
2553,2553,,0,447,6.0
2554,2554,,1,448,6.0
2555,2555,,1,449,5.0
2556,2556,,5,201,8.0
2557,2557,,8,100,7.0
2558,2558,,3,934,7.0
2559,2559,,3,187,5.0
2560,2560,,4,308,6.0
2561,2561,,0,450,7.0
2562,2562,,2,411,6.0
2563,2563,,4,553,6.0
2564,2564,,5,411,7.0
2565,2565,,1,229,7.0
2566,2566,,20,220,5.0
2567,2567,,0,451,4.0
2568,2568,,2,445,6.0
2569,2569,,21,379,7.0
2570,2570,,1,248,6.0
2571,2571,,4,759,8.0
2572,2572,,2,337,8.0
2573,2573,,5,411,6.0
2574,2574,,1,452,6.0
2575,2575,,2,180,5.0
2576,2576,,7,225,4.0
2577,2577,,2,453,6.0
2578,2578,,1,293,5.0
2579,2579,,10,351,6.0
2580,2580,,2,323,6.0
2581,2581,,2,454,6.0
2582,2582,,1,455,7.0
2583,2583,,3,318,6.0
2584,2584,,1,505,5.0
2585,2585,,11,325,7.0
2586,2586,,1,351,6.0
2587,2587,,1,456,6.0
2588,2588,,2,457,7.0
2589,2589,,0,458,5.0
2590,2590,,1,496,6.0
2591,2591,,2,227,7.0
2592,2592,,6,351,4.0
2593,2593,,0,459,5.0
2594,2594,,1,460,7.0
2595,2595,,0,461,7.0
2596,2596,,8,179,6.0
2597,2597,,22,220,6.0
2598,2598,,0,462,5.0
2599,2599,,3,411,6.0
2600,2600,,31,379,6.0
2601,2601,,0,463,3.0
2602,2602,,3,311,5.0
2603,2603,,5,308,5.0
2604,2604,,0,464,5.0
2605,2605,,10,222,8.0
2606,2606,,7,191,6.0
2607,2607,,12,227,8.0
2608,2608,,1,465,7.0
2609,2609,,1,466,7.0
2610,2610,,2,40,7.0
2611,2611,,4,199,5.0
2612,2612,,2,625,5.0
2613,2613,,3,600,7.0
2614,2614,,0,467,5.0
2615,2615,,0,468,6.0
2616,2616,,6,227,7.0
2617,2617,,6,191,6.0
2618,2618,,3,264,6.0
2619,2619,,26,220,5.0
2620,2620,,18,293,6.0
2621,2621,,21,379,7.0
2622,2622,,1,264,5.0
2623,2623,,11,325,7.0
2624,2624,,2,199,6.0
2625,2625,,8,225,7.0
2626,2626,,2,325,6.0
2627,2627,,3,469,8.0
2628,2628,,2,553,5.0
2629,2629,,21,379,6.0
2630,2630,,3,553,7.0
2631,2631,,1,318,7.0
2632,2632,,4,445,7.0
2633,2633,,1,239,5.0
2634,2634,,0,470,7.0
2635,2635,,2,695,6.0
2636,2636,,0,471,6.0
2637,2637,,5,509,7.0
2638,2638,,0,472,8.0
2639,2639,,1,325,7.0
2640,2640,,5,411,7.0
2641,2641,,0,473,7.0
2642,2642,,6,40,7.0
2643,2643,,0,474,7.0
2644,2644,,0,475,6.0
2645,2645,,4,361,6.0
2646,2646,,3,222,5.0
2647,2647,,0,476,6.0
2648,2648,,0,477,5.0
2649,2649,,0,478,5.0
2650,2650,,2,325,6.0
2651,2651,,0,479,6.0
2652,2652,,0,480,6.0
2653,2653,,0,481,6.0
2654,2654,,0,482,6.0
2655,2655,,0,483,5.0
2656,2656,,0,484,7.0
2657,2657,,0,485,7.0
2658,2658,,0,486,5.0
2659,2659,,7,308,7.0
2660,2660,,0,487,6.0
2661,2661,,0,488,7.0
2662,2662,,0,489,7.0
2663,2663,,0,490,6.0
2664,2664,,14,414,8.0
2665,2665,,2,702,7.0
2666,2666,,4,267,8.0
2667,2667,,5,414,7.0
2668,2668,,15,100,7.0
2669,2669,,0,491,6.0
2670,2670,,0,492,5.0
2671,2671,,10,493,7.0
2672,2672,,12,267,7.0
2673,2673,,4,325,5.0
2674,2674,,1,494,6.0
2675,2675,,5,411,7.0
2676,2676,,7,318,6.0
2677,2677,,14,191,6.0
2678,2678,,9,495,7.0
2679,2679,,1,220,5.0
2680,2680,,2,40,6.0
2681,2681,,1,496,6.0
2682,2682,,2,420,7.0
2683,2683,,1,497,6.0
2684,2684,,9,325,5.0
2685,2685,,5,311,5.0
2686,2686,,1,498,5.0
2687,2687,,7,181,4.0
2688,2688,,3,325,6.0
2689,2689,,3,751,6.0
2690,2690,,0,499,6.0
2691,2691,,0,500,6.0
2692,2692,,1,706,6.0
2693,2693,,15,379,6.0
2694,2694,,12,650,7.0
2695,2695,,2,591,5.0
2696,2696,,0,501,5.0
2697,2697,,12,411,6.0
2698,2698,,5,509,5.0
2699,2699,,1,420,6.0
2700,2700,,1,502,7.0
2701,2701,,3,40,7.0
2702,2702,,4,325,6.0
2703,2703,,2,503,6.0
2704,2704,,7,248,6.0
2705,2705,,0,504,4.0
2706,2706,,4,759,5.0
2707,2707,,1,505,6.0
2708,2708,,0,506,6.0
2709,2709,,2,720,6.0
2710,2710,,0,507,6.0
2711,2711,,1,508,7.0
2712,2712,,3,267,7.0
2713,2713,,12,509,6.0
2714,2714,,1,510,6.0
2715,2715,,0,511,4.0
2716,2716,,5,201,7.0
2717,2717,,10,293,8.0
2718,2718,,3,329,7.0
2719,2719,,8,181,7.0
2720,2720,,25,220,5.0
2721,2721,,0,512,7.0
2722,2722,,6,227,7.0
2723,2723,,1,650,6.0
2724,2724,,0,513,8.0
2725,2725,,3,354,7.0
2726,2726,,1,425,6.0
2727,2727,,7,187,7.0
2728,2728,,1,351,5.0
2729,2729,,3,191,5.0
2730,2730,,6,179,7.0
2731,2731,,3,186,8.0
2732,2732,,7,411,6.0
2733,2733,,8,229,6.0
2734,2734,,2,257,7.0
2735,2735,,1,708,5.0
2736,2736,,1,607,7.0
2737,2737,,1,422,7.0
2738,2738,,0,514,6.0
2739,2739,,2,445,7.0
2740,2740,,0,515,6.0
2741,2741,,0,516,6.0
2742,2742,,11,225,6.0
2743,2743,,0,517,7.0
2744,2744,,1,187,5.0
2745,2745,,1,518,7.0
2746,2746,,3,519,3.0
2747,2747,,0,520,6.0
2748,2748,,0,521,6.0
2749,2749,,2,325,6.0
2750,2750,,1,522,6.0
2751,2751,,13,411,7.0
2752,2752,,0,523,8.0
2753,2753,,7,227,7.0
2754,2754,,1,524,7.0
2755,2755,,4,220,6.0
2756,2756,,4,439,7.0
2757,2757,,10,414,7.0
2758,2758,,4,1181,6.0
2759,2759,,1,595,6.0
2760,2760,,0,525,8.0
2761,2761,,2,526,7.0
2762,2762,,9,495,6.0
2763,2763,,5,445,6.0
2764,2764,,0,527,7.0
2765,2765,,7,325,6.0
2766,2766,,8,225,5.0
2767,2767,,0,528,6.0
2768,2768,,1,529,6.0
2769,2769,,25,325,7.0
2770,2770,,4,134,6.0
2771,2771,,4,425,5.0
2772,2772,,0,530,7.0
2773,2773,,7,509,6.0
2774,2774,,0,531,5.0
2775,2775,,0,532,7.0
2776,2776,,1,267,8.0
2777,2777,,0,533,5.0
2778,2778,,4,553,6.0
2779,2779,,4,40,6.0
2780,2780,,7,560,5.0
2781,2781,,4,420,6.0
2782,2782,,5,534,6.0
2783,2783,,7,445,7.0
2784,2784,,0,535,6.0
2785,2785,,0,536,5.0
2786,2786,,0,537,6.0
2787,2787,,3,439,7.0
2788,2788,,6,509,7.0
2789,2789,,2,384,7.0
2790,2790,,12,267,8.0
2791,2791,,0,538,6.0
2792,2792,,10,100,8.0
2793,2793,,4,40,6.0
2794,2794,,5,911,6.0
2795,2795,,0,539,5.0
2796,2796,,0,540,8.0
2797,2797,,7,227,7.0
2798,2798,,1,541,8.0
2799,2799,,1,702,8.0
2800,2800,,1,40,6.0
2801,2801,,0,542,7.0
2802,2802,,0,543,6.0
2803,2803,,4,325,6.0
2804,2804,,1,199,6.0
2805,2805,,2,308,7.0
2806,2806,,0,544,7.0
2807,2807,,1,678,6.0
2808,2808,,4,351,8.0
2809,2809,,27,439,8.0
2810,2810,,8,425,6.0
2811,2811,,0,545,8.0
2812,2812,,2,546,6.0
2813,2813,,5,225,7.0
2814,2814,,8,225,6.0
2815,2815,,0,547,7.0
2816,2816,,5,201,6.0
2817,2817,,0,548,7.0
2818,2818,,8,414,7.0
2819,2819,,1,549,6.0
2820,2820,,11,191,7.0
2821,2821,,5,325,7.0
2822,2822,,5,311,7.0
2823,2823,,1,550,6.0
2824,2824,,1,551,7.0
2825,2825,,2,100,6.0
2826,2826,,1,308,7.0
2827,2827,,1,754,5.0
2828,2828,,0,552,7.0
2829,2829,,9,134,7.0
2830,2830,,3,553,7.0
2831,2831,,3,325,6.0
2832,2832,,0,554,6.0
2833,2833,,0,555,5.0
2834,2834,,2,220,6.0
2835,2835,,1,201,7.0
2836,2836,,7,264,7.0
2837,2837,,0,556,7.0
2838,2838,,0,557,8.0
2839,2839,,9,318,7.0
2840,2840,,2,422,6.0
2841,2841,,2,414,5.0
2842,2842,,12,100,7.0
2843,2843,,14,425,7.0
2844,2844,,5,425,6.0
2845,2845,,9,134,7.0
2846,2846,,6,248,6.0
2847,2847,,0,558,6.0
2848,2848,,0,559,4.0
2849,2849,,2,509,7.0
2850,2850,,2,199,7.0
2851,2851,,1,220,5.0
2852,2852,,11,509,6.0
2853,2853,,2,560,7.0
2854,2854,,0,561,5.0
2855,2855,,3,325,5.0
2856,2856,,1,562,6.0
2857,2857,,4,425,6.0
2858,2858,,1,563,6.0
2859,2859,,4,425,6.0
2860,2860,,6,100,8.0
2861,2861,,3,187,5.0
2862,2862,,1,248,8.0
2863,2863,,4,293,7.0
2864,2864,,0,564,6.0
2865,2865,,0,565,6.0
2866,2866,,0,566,7.0
2867,2867,,1,267,5.0
2868,2868,,1,668,6.0
2869,2869,,3,965,6.0
2870,2870,,21,379,6.0
2871,2871,,1,225,6.0
2872,2872,,2,493,3.0
2873,2873,,12,650,6.0
2874,2874,,0,567,5.0
2875,2875,,3,425,7.0
2876,2876,,0,568,6.0
2877,2877,,1,325,7.0
2878,2878,,2,349,7.0
2879,2879,,0,569,7.0
2880,2880,,25,220,7.0
2881,2881,,0,570,7.0
2882,2882,,0,571,6.0
2883,2883,,3,179,7.0
2884,2884,,3,293,7.0
2885,2885,,1,572,6.0
2886,2886,,1,573,7.0
2887,2887,,5,264,7.0
2888,2888,,4,280,7.0
2889,2889,,4,187,6.0
2890,2890,,2,574,6.0
2891,2891,,1,575,6.0
2892,2892,,3,100,5.0
2893,2893,,1,576,7.0
2894,2894,,3,311,7.0
2895,2895,,6,411,5.0
2896,2896,,2,293,5.0
2897,2897,,3,325,7.0
2898,2898,,0,577,8.0
2899,2899,,0,578,3.0
2900,2900,,0,579,6.0
2901,2901,,9,229,6.0
2902,2902,,2,580,7.0
2903,2903,,0,581,4.0
2904,2904,,5,351,6.0
2905,2905,,4,267,8.0
2906,2906,,0,582,4.0
2907,2907,,6,264,6.0
2908,2908,,0,583,8.0
2909,2909,,0,584,6.0
2910,2910,,0,585,6.0
2911,2911,,10,134,7.0
2912,2912,,6,439,8.0
2913,2913,,0,586,6.0
2914,2914,,6,414,7.0
2915,2915,,3,264,7.0
2916,2916,,4,445,6.0
2917,2917,,7,293,7.0
2918,2918,,2,441,6.0
2919,2919,,9,445,7.0
2920,2920,,2,267,7.0
2921,2921,,0,587,4.0
2922,2922,,9,100,7.0
2923,2923,,3,600,6.0
2924,2924,,19,180,7.0
2925,2925,,8,424,8.0
2926,2926,,1,588,7.0
2927,2927,,4,199,7.0
2928,2928,,1,560,6.0
2929,2929,,5,1083,7.0
2930,2930,,8,411,7.0
2931,2931,,0,589,4.0
2932,2932,,7,134,6.0
2933,2933,,4,201,6.0
2934,2934,,10,318,6.0
2935,2935,,2,293,7.0
2936,2936,,2,1202,8.0
2937,2937,,0,590,6.0
2938,2938,,4,591,6.0
2939,2939,,2,225,6.0
2940,2940,,0,592,5.0
2941,2941,,6,351,7.0
2942,2942,,8,267,7.0
2943,2943,,8,227,7.0
2944,2944,,18,293,7.0
2945,2945,,0,593,5.0
2946,2946,,4,227,8.0
2947,2947,,0,594,8.0
2948,2948,,2,720,7.0
2949,2949,,1,595,5.0
2950,2950,,4,509,7.0
2951,2951,,4,227,7.0
2952,2952,,2,758,6.0
2953,2953,,0,596,5.0
2954,2954,,1,181,6.0
2955,2955,,1,658,6.0
2956,2956,,0,597,6.0
2957,2957,,1,199,6.0
2958,2958,,1,700,6.0
2959,2959,,3,311,7.0
2960,2960,,0,598,6.0
2961,2961,,0,599,6.0
2962,2962,,1,740,6.0
2963,2963,,3,600,6.0
2964,2964,,0,601,5.0
2965,2965,,3,225,6.0
2966,2966,,1,602,8.0
2967,2967,,28,439,7.0
2968,2968,,0,603,6.0
2969,2969,,1,604,7.0
2970,2970,,0,605,9.0
2971,2971,,0,606,5.0
2972,2972,,1,607,5.0
2973,2973,,0,608,6.0
2974,2974,,0,609,7.0
2975,2975,,6,293,8.0
2976,2976,,0,610,5.0
2977,2977,,5,560,6.0
2978,2978,,9,445,7.0
2979,2979,,1,96,6.0
2980,2980,,3,351,6.0
2981,2981,,3,493,6.0
2982,2982,,5,560,6.0
2983,2983,,0,611,6.0
2984,2984,,8,191,6.0
2985,2985,,15,379,7.0
2986,2986,,3,414,7.0
2987,2987,,13,308,6.0
2988,2988,,7,318,6.0
2989,2989,,9,181,7.0
2990,2990,,1,612,6.0
2991,2991,,7,308,7.0
2992,2992,,1,613,7.0
2993,2993,,4,234,7.0
2994,2994,,0,614,7.0
2995,2995,,7,439,6.0
2996,2996,,2,1022,6.0
2997,2997,,2,325,6.0
2998,2998,,4,325,6.0
2999,2999,,1,679,6.0
3000,3000,,5,560,6.0
3001,3001,,2,615,6.0
3002,3002,,1,318,5.0
3003,3003,,5,187,6.0
3004,3004,,12,160,7.0
3005,3005,,2,351,6.0
3006,3006,,33,439,6.0
3007,3007,,8,222,6.0
3008,3008,,2,616,6.0
3009,3009,,3,445,5.0
3010,3010,,0,617,5.0
3011,3011,,0,618,6.0
3012,3012,,2,186,7.0
3013,3013,,0,619,6.0
3014,3014,,8,222,7.0
3015,3015,,4,229,5.0
3016,3016,,1,620,6.0
3017,3017,,1,318,5.0
3018,3018,,0,621,6.0
3019,3019,,2,622,6.0
3020,3020,,3,650,5.0
3021,3021,,0,623,5.0
3022,3022,,6,160,6.0
3023,3023,,9,187,8.0
3024,3024,,1,361,5.0
3025,3025,,4,234,6.0
3026,3026,,0,624,6.0
3027,3027,,1,220,6.0
3028,3028,,6,650,6.0
3029,3029,,6,625,6.0
3030,3030,,2,180,7.0
3031,3031,,2,411,6.0
3032,3032,,3,100,7.0
3033,3033,,2,100,6.0
3034,3034,,4,325,7.0
3035,3035,,0,626,6.0
3036,3036,,3,311,8.0
3037,3037,,0,627,5.0
3038,3038,,0,628,6.0
3039,3039,,0,629,7.0
3040,3040,,9,509,6.0
3041,3041,,0,630,8.0
3042,3042,,0,631,7.0
3043,3043,,0,632,6.0
3044,3044,,1,633,6.0
3045,3045,,5,325,7.0
3046,3046,,4,187,6.0
3047,3047,,2,425,7.0
3048,3048,,5,180,6.0
3049,3049,,4,227,5.0
3050,3050,,7,134,6.0
3051,3051,,0,634,5.0
3052,3052,,10,425,7.0
3053,3053,,44,220,4.0
3054,3054,,0,635,5.0
3055,3055,,0,636,6.0
3056,3056,,4,220,6.0
3057,3057,,3,264,8.0
3058,3058,,0,637,6.0
3059,3059,,0,638,6.0
3060,3060,,0,639,7.0
3061,3061,,3,469,8.0
3062,3062,,0,640,6.0
3063,3063,,0,641,6.0
3064,3064,,1,642,6.0
3065,3065,,4,439,4.0
3066,3066,,1,425,7.0
3067,3067,,1,643,4.0
3068,3068,,2,411,7.0
3069,3069,,0,644,7.0
3070,3070,,3,1631,6.0
3071,3071,,0,645,7.0
3072,3072,,0,646,5.0
3073,3073,,6,411,6.0
3074,3074,,8,40,7.0
3075,3075,,9,411,7.0
3076,3076,,0,647,6.0
3077,3077,,6,308,7.0
3078,3078,,0,648,7.0
3079,3079,,0,649,4.0
3080,3080,,11,650,6.0
3081,3081,,0,651,5.0
3082,3082,,2,134,6.0
3083,3083,,0,652,6.0
3084,3084,,6,425,7.0
3085,3085,,6,425,6.0
3086,3086,,0,653,5.0
3087,3087,,2,553,7.0
3088,3088,,1,351,6.0
3089,3089,,0,654,6.0
3090,3090,,2,495,6.0
3091,3091,,4,351,7.0
3092,3092,,0,655,6.0
3093,3093,,0,656,7.0
3094,3094,,1,657,5.0
3095,3095,,2,100,6.0
3096,3096,,1,658,6.0
3097,3097,,4,267,5.0
3098,3098,,0,659,6.0
3099,3099,,2,660,7.0
3100,3100,,0,661,6.0
3101,3101,,1,662,6.0
3102,3102,,0,663,7.0
3103,3103,,0,664,5.0
3104,3104,,4,361,6.0
3105,3105,,0,665,6.0
3106,3106,,0,666,6.0
3107,3107,,0,667,7.0
3108,3108,,2,580,6.0
3109,3109,,1,668,6.0
3110,3110,,0,669,6.0
3111,3111,,0,670,4.0
3112,3112,,1,671,6.0
3113,3113,,0,672,6.0
3114,3114,,1,673,6.0
3115,3115,,0,674,3.0
3116,3116,,0,675,5.0
3117,3117,,0,676,5.0
3118,3118,,0,677,5.0
3119,3119,,1,678,6.0
3120,3120,,2,325,5.0
3121,3121,,1,679,7.0
3122,3122,,0,680,4.0
3123,3123,,1,267,6.0
3124,3124,,0,681,5.0
3125,3125,,0,682,6.0
3126,3126,,2,325,6.0
3127,3127,,0,683,4.0
3128,3128,,0,684,6.0
3129,3129,,0,685,7.0
3130,3130,,5,911,6.0
3131,3131,,0,686,7.0
3132,3132,,2,859,4.0
3133,3133,,0,687,4.0
3134,3134,,1,688,6.0
3135,3135,,0,689,5.0
3136,3136,,0,690,7.0
3137,3137,,1,351,5.0
3138,3138,,0,691,7.0
3139,3139,,2,420,6.0
3140,3140,,0,692,6.0
3141,3141,,3,220,6.0
3142,3142,,0,693,4.0
3143,3143,,6,224,7.0
3144,3144,,1,694,6.0
3145,3145,,2,695,8.0
3146,3146,,1,706,5.0
3147,3147,,0,696,5.0
3148,3148,,1,697,7.0
3149,3149,,0,698,7.0
3150,3150,,6,181,6.0
3151,3151,,2,699,6.0
3152,3152,,2,199,7.0
3153,3153,,1,700,5.0
3154,3154,,0,701,6.0
3155,3155,,1,702,7.0
3156,3156,,0,703,7.0
3157,3157,,4,267,7.0
3158,3158,,17,134,8.0
3159,3159,,4,318,7.0
3160,3160,,0,704,6.0
3161,3161,,4,201,7.0
3162,3162,,8,224,7.0
3163,3163,,1,351,6.0
3164,3164,,0,705,7.0
3165,3165,,6,180,7.0
3166,3166,,6,160,7.0
3167,3167,,2,706,6.0
3168,3168,,1,1576,7.0
3169,3169,,3,351,7.0
3170,3170,,0,707,5.0
3171,3171,,1,708,7.0
3172,3172,,3,134,7.0
3173,3173,,0,709,7.0
3174,3174,,10,181,7.0
3175,3175,,4,351,5.0
3176,3176,,0,710,6.0
3177,3177,,6,73,7.0
3178,3178,,3,425,7.0
3179,3179,,0,711,6.0
3180,3180,,0,712,6.0
3181,3181,,3,509,7.0
3182,3182,,0,713,6.0
3183,3183,,1,714,7.0
3184,3184,,4,187,6.0
3185,3185,,2,325,6.0
3186,3186,,0,715,6.0
3187,3187,,3,445,6.0
3188,3188,,7,227,7.0
3189,3189,,0,716,7.0
3190,3190,,1,717,7.0
3191,3191,,0,718,5.0
3192,3192,,8,134,6.0
3193,3193,,0,719,6.0
3194,3194,,2,720,7.0
3195,3195,,0,721,5.0
3196,3196,,3,264,6.0
3197,3197,,0,722,7.0
3198,3198,,0,723,5.0
3199,3199,,0,724,7.0
3200,3200,,0,725,6.0
3201,3201,,0,726,6.0
3202,3202,,0,727,6.0
3203,3203,,0,728,5.0
3204,3204,,1,729,6.0
3205,3205,,0,730,7.0
3206,3206,,0,731,8.0
3207,3207,,0,732,6.0
3208,3208,,2,42,8.0
3209,3209,,0,733,6.0
3210,3210,,9,180,7.0
3211,3211,,2,267,7.0
3212,3212,,0,734,7.0
3213,3213,,7,191,6.0
3214,3214,,0,735,6.0
3215,3215,,0,736,6.0
3216,3216,,1,509,7.0
3217,3217,,4,509,7.0
3218,3218,,0,737,7.0
3219,3219,,3,650,3.0
3220,3220,,0,738,6.0
3221,3221,,0,739,7.0
3222,3222,,1,264,7.0
3223,3223,,1,740,8.0
3224,3224,,1,342,7.0
3225,3225,,3,503,7.0
3226,3226,,0,741,7.0
3227,3227,,3,308,7.0
3228,3228,,0,742,7.0
3229,3229,,1,743,7.0
3230,3230,,4,560,7.0
3231,3231,,0,744,4.0
3232,3232,,5,311,8.0
3233,3233,,0,745,7.0
3234,3234,,9,100,8.0
3235,3235,,3,746,5.0
3236,3236,,0,747,7.0
3237,3237,,10,267,6.0
3238,3238,,0,748,8.0
3239,3239,,6,201,8.0
3240,3240,,2,267,7.0
3241,3241,,1,749,5.0
3242,3242,,0,750,7.0
3243,3243,,3,751,7.0
3244,3244,,1,199,6.0
3245,3245,,11,222,7.0
3246,3246,,0,752,5.0
3247,3247,,2,227,6.0
3248,3248,,0,753,6.0
3249,3249,,2,199,8.0
3250,3250,,6,73,7.0
3251,3251,,5,224,7.0
3252,3252,,12,325,6.0
3253,3253,,2,308,6.0
3254,3254,,7,191,7.0
3255,3255,,1,754,6.0
3256,3256,,0,755,5.0
3257,3257,,0,756,7.0
3258,3258,,4,220,6.0
3259,3259,,0,757,7.0
3260,3260,,2,758,6.0
3261,3261,,4,759,6.0
3262,3262,,7,509,7.0
3263,3263,,1,760,7.0
3264,3264,,1,761,4.0
3265,3265,,1,762,7.0
3266,3266,,4,227,6.0
3267,3267,,4,222,5.0
3268,3268,,1,763,5.0
3269,3269,,0,764,6.0
3270,3270,,6,759,7.0
3271,3271,,6,227,7.0
3272,3272,,2,720,7.0
3273,3273,,1,765,7.0
3274,3274,,2,1022,6.0
3275,3275,,3,40,6.0
3276,3276,,0,766,7.0
3277,3277,,4,420,7.0
3278,3278,,2,369,7.0
3279,3279,,1,1399,7.0
3280,3280,,0,767,4.0
3281,3281,,1,228,7.0
3282,3282,,0,768,7.0
3283,3283,,0,769,6.0
3284,3284,,1,798,6.0
3285,3285,,0,770,5.0
3286,3286,,0,771,6.0
3287,3287,,1,147,7.0
3288,3288,,0,772,7.0
3289,3289,,7,191,5.0
3290,3290,,2,445,6.0
3291,3291,,0,773,6.0
3292,3292,,0,774,7.0
3293,3293,,0,775,6.0
3294,3294,,1,874,6.0
3295,3295,,0,776,5.0
3296,3296,,0,777,8.0
3297,3297,,1,904,6.0
3298,3298,,0,778,6.0
3299,3299,,0,779,5.0
3300,3300,,3,229,4.0
3301,3301,,2,199,7.0
3302,3302,,10,411,7.0
3303,3303,,1,765,6.0
3304,3304,,0,780,5.0
3305,3305,,0,781,6.0
3306,3306,,0,782,4.0
3307,3307,,10,267,7.0
3308,3308,,3,411,7.0
3309,3309,,0,783,7.0
3310,3310,,0,784,7.0
3311,3311,,10,509,7.0
3312,3312,,2,445,6.0
3313,3313,,1,460,7.0
3314,3314,,2,369,6.0
3315,3315,,1,414,6.0
3316,3316,,1,398,7.0
3317,3317,,1,227,5.0
3318,3318,,0,785,4.0
3319,3319,,0,786,6.0
3320,3320,,1,1108,6.0
3321,3321,,4,65,5.0
3322,3322,,0,787,7.0
3323,3323,,8,40,6.0
3324,3324,,0,788,6.0
3325,3325,,1,803,6.0
3326,3326,,0,789,6.0
3327,3327,,0,790,6.0
3328,3328,,0,791,8.0
3329,3329,,4,134,6.0
3330,3330,,0,792,8.0
3331,3331,,3,934,6.0
3332,3332,,1,267,7.0
3333,3333,,0,793,4.0
3334,3334,,5,509,7.0
3335,3335,,1,953,6.0
3336,3336,,9,224,6.0
3337,3337,,1,186,8.0
3338,3338,,4,414,6.0
3339,3339,,9,509,7.0
3340,3340,,3,264,7.0
3341,3341,,8,40,6.0
3342,3342,,8,351,5.0
3343,3343,,0,794,6.0
3344,3344,,2,453,7.0
3345,3345,,6,179,7.0
3346,3346,,1,620,6.0
3347,3347,,1,282,7.0
3348,3348,,5,509,7.0
3349,3349,,6,325,7.0
3350,3350,,8,134,7.0
3351,3351,,9,224,6.0
3352,3352,,9,222,5.0
3353,3353,,4,361,7.0
3354,3354,,0,795,8.0
3355,3355,,0,796,4.0
3356,3356,,5,293,6.0
3357,3357,,3,1239,7.0
3358,3358,,2,751,7.0
3359,3359,,1,157,6.0
3360,3360,,2,1239,6.0
3361,3361,,0,797,4.0
3362,3362,,9,227,7.0
3363,3363,,3,227,7.0
3364,3364,,12,134,6.0
3365,3365,,2,411,7.0
3366,3366,,1,1408,7.0
3367,3367,,13,379,7.0
3368,3368,,1,798,6.0
3369,3369,,2,859,7.0
3370,3370,,8,248,7.0
3371,3371,,1,248,4.0
3372,3372,,0,799,6.0
3373,3373,,1,924,7.0
3374,3374,,1,267,7.0
3375,3375,,1,32,6.0
3376,3376,,3,1631,6.0
3377,3377,,0,800,6.0
3378,3378,,5,911,6.0
3379,3379,,3,199,6.0
3380,3380,,4,337,7.0
3381,3381,,0,801,6.0
3382,3382,,0,802,5.0
3383,3383,,1,293,5.0
3384,3384,,1,803,7.0
3385,3385,,3,414,6.0
3386,3386,,1,180,7.0
3387,3387,,2,842,6.0
3388,3388,,0,804,6.0
3389,3389,,0,805,3.0
3390,3390,,0,806,7.0
3391,3391,,9,509,6.0
3392,3392,,5,293,6.0
3393,3393,,0,807,8.0
3394,3394,,2,187,7.0
3395,3395,,2,411,6.0
3396,3396,,0,808,7.0
3397,3397,,0,809,6.0
3398,3398,,0,810,6.0
3399,3399,,2,758,7.0
3400,3400,,0,811,6.0
3401,3401,,0,812,5.0
3402,3402,,0,813,5.0
3403,3403,,0,814,7.0
3404,3404,,14,414,7.0
3405,3405,,0,815,7.0
3406,3406,,8,1039,7.0
3407,3407,,4,445,6.0
3408,3408,,0,816,7.0
3409,3409,,2,325,6.0
3410,3410,,4,227,6.0
3411,3411,,0,817,7.0
3412,3412,,0,818,6.0
3413,3413,,1,251,6.0
3414,3414,,2,113,8.0
3415,3415,,1,171,6.0
3416,3416,,0,819,5.0
3417,3417,,1,22,8.0
3418,3418,,6,560,6.0
3419,3419,,0,820,5.0
3420,3420,,2,420,7.0
3421,3421,,0,821,7.0
3422,3422,,0,822,6.0
3423,3423,,7,134,7.0
3424,3424,,3,134,6.0
3425,3425,,5,180,7.0
3426,3426,,1,509,5.0
3427,3427,,0,823,7.0
3428,3428,,2,325,4.0
3429,3429,,1,576,7.0
3430,3430,,1,267,7.0
3431,3431,,2,361,7.0
3432,3432,,0,824,8.0
3433,3433,,0,825,7.0
3434,3434,,1,452,7.0
3435,3435,,0,826,7.0
3436,3436,,0,827,7.0
3437,3437,,0,828,6.0
3438,3438,,2,457,8.0
3439,3439,,6,2,7.0
3440,3440,,1,227,7.0
3441,3441,,1,425,7.0
3442,3442,,0,829,7.0
3443,3443,,4,160,7.0
3444,3444,,1,495,7.0
3445,3445,,9,493,8.0
3446,3446,,4,1576,7.0
3447,3447,,0,830,7.0
3448,3448,,0,831,7.0
3449,3449,,6,411,7.0
3450,3450,,0,832,7.0
3451,3451,,3,308,7.0
3452,3452,,0,833,7.0
3453,3453,,2,751,7.0
3454,3454,,2,225,8.0
3455,3455,,0,834,6.0
3456,3456,,3,181,6.0
3457,3457,,7,179,7.0
3458,3458,,3,898,6.0
3459,3459,,1,965,7.0
3460,3460,,9,311,7.0
3461,3461,,11,650,6.0
3462,3462,,0,835,4.0
3463,3463,,4,318,6.0
3464,3464,,2,965,7.0
3465,3465,,6,181,6.0
3466,3466,,3,199,7.0
3467,3467,,0,836,5.0
3468,3468,,4,199,7.0
3469,3469,,2,311,5.0
3470,3470,,6,1039,7.0
3471,3471,,0,837,8.0
3472,3472,,1,322,7.0
3473,3473,,0,838,6.0
3474,3474,,0,839,6.0
3475,3475,,1,253,6.0
3476,3476,,4,227,7.0
3477,3477,,0,840,7.0
3478,3478,,0,841,5.0
3479,3479,,1,842,7.0
3480,3480,,1,541,7.0
3481,3481,,0,843,5.0
3482,3482,,1,40,6.0
3483,3483,,0,844,6.0
3484,3484,,3,425,7.0
3485,3485,,0,845,7.0
3486,3486,,2,1253,6.0
3487,3487,,1,331,7.0
3488,3488,,0,846,6.0
3489,3489,,1,962,6.0
3490,3490,,0,847,8.0
3491,3491,,5,222,6.0
3492,3492,,8,134,7.0
3493,3493,,1,337,7.0
3494,3494,,4,625,5.0
3495,3495,,0,848,5.0
3496,3496,,1,662,6.0
3497,3497,,2,323,6.0
3498,3498,,6,553,5.0
3499,3499,,0,849,6.0
3500,3500,,3,264,7.0
3501,3501,,5,493,6.0
3502,3502,,0,850,5.0
3503,3503,,1,264,8.0
3504,3504,,2,179,7.0
3505,3505,,0,851,5.0
3506,3506,,0,852,5.0
3507,3507,,9,325,6.0
3508,3508,,1,688,6.0
3509,3509,,1,1182,5.0
3510,3510,,0,853,8.0
3511,3511,,6,425,7.0
3512,3512,,1,1498,7.0
3513,3513,,0,854,6.0
3514,3514,,6,134,7.0
3515,3515,,0,855,5.0
3516,3516,,5,414,7.0
3517,3517,,0,856,6.0
3518,3518,,0,857,7.0
3519,3519,,0,858,10.0
3520,3520,,2,859,6.0
3521,3521,,3,503,6.0
3522,3522,,1,518,4.0
3523,3523,,0,860,5.0
3524,3524,,2,225,6.0
3525,3525,,1,187,4.0
3526,3526,,4,411,8.0
3527,3527,,2,267,7.0
3528,3528,,0,861,6.0
3529,3529,,4,100,7.0
3530,3530,,2,193,6.0
3531,3531,,8,414,7.0
3532,3532,,1,375,7.0
3533,3533,,1,379,6.0
3534,3534,,0,862,3.0
3535,3535,,0,863,8.0
3536,3536,,0,864,6.0
3537,3537,,2,1171,6.0
3538,3538,,8,650,8.0
3539,3539,,1,1316,5.0
3540,3540,,0,865,7.0
3541,3541,,1,432,7.0
3542,3542,,0,866,5.0
3543,3543,,0,867,7.0
3544,3544,,0,868,6.0
3545,3545,,0,869,6.0
3546,3546,,3,1063,5.0
3547,3547,,3,1288,7.0
3548,3548,,1,425,7.0
3549,3549,,2,580,6.0
3550,3550,,0,870,7.0
3551,3551,,0,871,6.0
3552,3552,,6,224,7.0
3553,3553,,0,872,5.0
3554,3554,,6,560,7.0
3555,3555,,5,560,6.0
3556,3556,,0,873,7.0
3557,3557,,2,441,6.0
3558,3558,,1,874,6.0
3559,3559,,1,876,6.0
3560,3560,,1,1094,5.0
3561,3561,,5,445,7.0
3562,3562,,0,875,8.0
3563,3563,,1,876,5.0
3564,3564,,0,877,6.0
3565,3565,,1,295,7.0
3566,3566,,3,439,5.0
3567,3567,,0,878,7.0
3568,3568,,2,311,7.0
3569,3569,,0,879,5.0
3570,3570,,3,469,8.0
3571,3571,,2,361,8.0
3572,3572,,0,880,5.0
3573,3573,,6,100,8.0
3574,3574,,0,881,6.0
3575,3575,,7,160,7.0
3576,3576,,0,882,7.0
3577,3577,,5,509,7.0
3578,3578,,1,200,5.0
3579,3579,,0,883,7.0
3580,3580,,0,884,5.0
3581,3581,,0,885,6.0
3582,3582,,0,886,7.0
3583,3583,,1,1506,6.0
3584,3584,,0,887,7.0
3585,3585,,0,888,6.0
3586,3586,,4,325,6.0
3587,3587,,3,424,5.0
3588,3588,,5,650,6.0
3589,3589,,4,361,8.0
3590,3590,,2,1268,6.0
3591,3591,,0,889,6.0
3592,3592,,0,890,5.0
3593,3593,,0,891,6.0
3594,3594,,0,892,5.0
3595,3595,,0,893,5.0
3596,3596,,1,420,7.0
3597,3597,,2,420,8.0
3598,3598,,0,894,4.0
3599,3599,,5,503,7.0
3600,3600,,2,311,6.0
3601,3601,,1,325,6.0
3602,3602,,6,187,7.0
3603,3603,,0,895,6.0
3604,3604,,0,896,5.0
3605,3605,,0,897,7.0
3606,3606,,12,325,7.0
3607,3607,,2,351,6.0
3608,3608,,3,898,5.0
3609,3609,,2,1090,4.0
3610,3610,,0,899,6.0
3611,3611,,0,900,6.0
3612,3612,,3,424,5.0
3613,3613,,0,901,6.0
3614,3614,,0,902,6.0
3615,3615,,0,903,7.0
3616,3616,,7,224,7.0
3617,3617,,1,904,5.0
3618,3618,,2,224,6.0
3619,3619,,0,905,7.0
3620,3620,,2,181,7.0
3621,3621,,1,425,7.0
3622,3622,,6,311,8.0
3623,3623,,4,445,6.0
3624,3624,,4,179,8.0
3625,3625,,0,906,5.0
3626,3626,,0,907,6.0
3627,3627,,9,509,7.0
3628,3628,,0,908,7.0
3629,3629,,0,909,7.0
3630,3630,,0,910,5.0
3631,3631,,5,493,7.0
3632,3632,,4,1181,5.0
3633,3633,,2,227,6.0
3634,3634,,3,363,6.0
3635,3635,,5,445,7.0
3636,3636,,5,911,6.0
3637,3637,,1,1401,7.0
3638,3638,,1,1139,7.0
3639,3639,,0,912,6.0
3640,3640,,1,1475,7.0
3641,3641,,0,913,6.0
3642,3642,,0,914,4.0
3643,3643,,8,187,7.0
3644,3644,,3,293,6.0
3645,3645,,0,915,6.0
3646,3646,,11,293,7.0
3647,3647,,0,916,7.0
3648,3648,,0,917,7.0
3649,3649,,0,918,6.0
3650,3650,,0,919,7.0
3651,3651,,1,1439,6.0
3652,3652,,0,920,5.0
3653,3653,,8,100,6.0
3654,3654,,1,134,6.0
3655,3655,,0,921,4.0
3656,3656,,1,1476,4.0
3657,3657,,3,225,7.0
3658,3658,,1,1381,6.0
3659,3659,,7,308,6.0
3660,3660,,1,526,3.0
3661,3661,,1,526,7.0
3662,3662,,0,922,7.0
3663,3663,,0,923,3.0
3664,3664,,1,924,6.0
3665,3665,,1,643,5.0
3666,3666,,4,911,5.0
3667,3667,,0,925,4.0
3668,3668,,12,134,6.0
3669,3669,,0,926,0.0
3670,3670,,0,927,0.0
3671,3671,,3,160,5.0
3672,3672,,0,928,4.0
3673,3673,,0,929,7.0
3674,3674,,0,930,7.0
3675,3675,,1,119,7.0
3676,3676,,3,267,6.0
3677,3677,,2,445,6.0
3678,3678,,3,40,6.0
3679,3679,,2,325,7.0
3680,3680,,0,931,6.0
3681,3681,,0,932,6.0
3682,3682,,0,933,6.0
3683,3683,,4,318,6.0
3684,3684,,2,134,7.0
3685,3685,,3,934,6.0
3686,3686,,0,935,5.0
3687,3687,,0,936,5.0
3688,3688,,2,199,7.0
3689,3689,,0,937,1.0
3690,3690,,0,938,7.0
3691,3691,,0,939,6.0
3692,3692,,1,325,6.0
3693,3693,,0,940,6.0
3694,3694,,6,625,7.0
3695,3695,,8,495,6.0
3696,3696,,5,64,7.0
3697,3697,,3,329,7.0
3698,3698,,0,941,7.0
3699,3699,,10,650,7.0
3700,3700,,5,222,7.0
3701,3701,,7,179,8.0
3702,3702,,1,1273,6.0
3703,3703,,0,942,7.0
3704,3704,,8,493,7.0
3705,3705,,1,1154,6.0
3706,3706,,3,180,8.0
3707,3707,,0,943,6.0
3708,3708,,0,944,8.0
3709,3709,,1,1172,7.0
3710,3710,,2,1047,6.0
3711,3711,,1,179,7.0
3712,3712,,0,945,6.0
3713,3713,,1,325,6.0
3714,3714,,0,946,7.0
3715,3715,,1,979,7.0
3716,3716,,0,947,8.0
3717,3717,,0,948,5.0
3718,3718,,0,949,5.0
3719,3719,,2,201,8.0
3720,3720,,0,950,7.0
3721,3721,,5,1083,7.0
3722,3722,,0,951,7.0
3723,3723,,0,952,8.0
3724,3724,,1,953,6.0
3725,3725,,1,267,6.0
3726,3726,,1,425,7.0
3727,3727,,2,267,7.0
3728,3728,,3,264,7.0
3729,3729,,3,264,7.0
3730,3730,,0,954,6.0
3731,3731,,6,445,6.0
3732,3732,,0,955,7.0
3733,3733,,3,293,6.0
3734,3734,,6,264,7.0
3735,3735,,3,519,6.0
3736,3736,,4,134,5.0
3737,3737,,4,134,8.0
3738,3738,,1,842,7.0
3739,3739,,21,379,8.0
3740,3740,,0,956,7.0
3741,3741,,4,227,7.0
3742,3742,,2,325,5.0
3743,3743,,1,973,7.0
3744,3744,,0,957,5.0
3745,3745,,3,414,7.0
3746,3746,,9,445,4.0
3747,3747,,1,613,6.0
3748,3748,,0,958,7.0
3749,3749,,7,311,7.0
3750,3750,,7,181,8.0
3751,3751,,0,959,6.0
3752,3752,,0,960,4.0
3753,3753,,7,1039,8.0
3754,3754,,21,379,6.0
3755,3755,,1,961,5.0
3756,3756,,1,961,6.0
3757,3757,,8,411,7.0
3758,3758,,1,187,7.0
3759,3759,,1,962,6.0
3760,3760,,0,963,5.0
3761,3761,,1,325,7.0
3762,3762,,2,1090,5.0
3763,3763,,1,1227,6.0
3764,3764,,10,414,6.0
3765,3765,,1,657,6.0
3766,3766,,9,325,7.0
3767,3767,,3,227,7.0
3768,3768,,0,964,3.0
3769,3769,,7,493,7.0
3770,3770,,2,965,7.0
3771,3771,,0,966,5.0
3772,3772,,6,318,6.0
3773,3773,,1,199,6.0
3774,3774,,5,160,6.0
3775,3775,,0,967,7.0
3776,3776,,0,968,8.0
3777,3777,,0,969,5.0
3778,3778,,0,970,7.0
3779,3779,,0,971,6.0
3780,3780,,0,972,7.0
3781,3781,,1,973,5.0
3782,3782,,0,974,7.0
3783,3783,,3,325,7.0
3784,3784,,0,975,7.0
3785,3785,,9,229,7.0
3786,3786,,0,976,6.0
3787,3787,,1,236,6.0
3788,3788,,0,977,8.0
3789,3789,,1,642,7.0
3790,3790,,6,187,6.0
3791,3791,,1,522,5.0
3792,3792,,1,287,6.0
3793,3793,,0,978,4.0
3794,3794,,1,979,7.0
3795,3795,,1,1397,6.0
3796,3796,,2,314,7.0
3797,3797,,0,980,6.0
3798,3798,,0,981,6.0
3799,3799,,1,694,6.0
3800,3800,,4,325,6.0
3801,3801,,0,982,7.0
3802,3802,,0,983,7.0
3803,3803,,0,984,5.0
3804,3804,,0,985,6.0
3805,3805,,3,1643,6.0
3806,3806,,1,351,5.0
3807,3807,,0,986,7.0
3808,3808,,1,749,4.0
3809,3809,,0,987,5.0
3810,3810,,0,988,4.0
3811,3811,,6,493,8.0
3812,3812,,1,574,8.0
3813,3813,,2,1082,8.0
3814,3814,,0,989,7.0
3815,3815,,1,134,6.0
3816,3816,,2,1112,7.0
3817,3817,,0,990,7.0
3818,3818,,0,991,7.0
3819,3819,,0,992,7.0
3820,3820,,0,993,7.0
3821,3821,,0,994,6.0
3822,3822,,5,308,7.0
3823,3823,,7,224,7.0
3824,3824,,4,264,7.0
3825,3825,,10,181,7.0
3826,3826,,0,995,5.0
3827,3827,,6,180,7.0
3828,3828,,3,267,7.0
3829,3829,,0,996,6.0
3830,3830,,9,134,7.0
3831,3831,,3,1195,7.0
3832,3832,,4,493,7.0
3833,3833,,1,134,6.0
3834,3834,,2,414,7.0
3835,3835,,0,997,6.0
3836,3836,,0,998,5.0
3837,3837,,1,1643,6.0
3838,3838,,3,227,7.0
3839,3839,,1,300,8.0
3840,3840,,0,999,5.0
3841,3841,,7,293,8.0
3842,3842,,1,267,5.0
3843,3843,,0,1000,4.0
3844,3844,,0,1001,5.0
3845,3845,,0,1002,7.0
3846,3846,,0,1003,6.0
3847,3847,,0,1004,7.0
3848,3848,,0,1005,6.0
3849,3849,,0,1006,3.0
3850,3850,,0,1007,5.0
3851,3851,,0,1008,2.0
3852,3852,,0,1009,0.0
3853,3853,,0,1010,5.0
3854,3854,,0,1011,8.0
3855,3855,,2,199,0.0
3856,3856,,4,79,3.0
3857,3857,,0,1012,5.0
3858,3858,,0,1013,5.0
3859,3859,,0,1014,4.0
3860,3860,,5,1083,7.0
3861,3861,,0,1015,7.0
3862,3862,,1,342,7.0
3863,3863,,0,1016,6.0
3864,3864,,0,1017,6.0
3865,3865,,0,1018,8.0
3866,3866,,4,264,8.0
3867,3867,,0,1019,7.0
3868,3868,,0,1020,7.0
3869,3869,,1,1322,6.0
3870,3870,,0,1021,8.0
3871,3871,,3,519,7.0
3872,3872,,1,340,7.0
3873,3873,,2,1022,6.0
3874,3874,,0,1023,4.0
3875,3875,,0,1024,8.0
3876,3876,,0,1025,7.0
3877,3877,,4,425,8.0
3878,3878,,2,1195,7.0
3879,3879,,6,311,7.0
3880,3880,,0,1026,7.0
3881,3881,,3,199,7.0
3882,3882,,0,1027,6.0
3883,3883,,1,1417,7.0
3884,3884,,10,224,7.0
3885,3885,,0,1028,6.0
3886,3886,,2,493,8.0
3887,3887,,2,267,8.0
3888,3888,,9,650,6.0
3889,3889,,0,1029,6.0
3890,3890,,4,225,7.0
3891,3891,,2,1576,7.0
3892,3892,,2,293,7.0
3893,3893,,7,318,6.0
3894,3894,,6,759,7.0
3895,3895,,3,351,6.0
3896,3896,,9,318,7.0
3897,3897,,3,199,5.0
3898,3898,,1,1195,8.0
3899,3899,,2,1202,6.0
3900,3900,,0,1030,5.0
3901,3901,,0,1031,6.0
3902,3902,,0,1032,6.0
3903,3903,,3,414,8.0
3904,3904,,1,187,5.0
3905,3905,,10,414,7.0
3906,3906,,2,414,8.0
3907,3907,,0,1033,4.0
3908,3908,,5,414,6.0
3909,3909,,0,1034,6.0
3910,3910,,0,1035,7.0
3911,3911,,2,615,7.0
3912,3912,,0,1036,5.0
3913,3913,,1,1195,7.0
3914,3914,,1,697,8.0
3915,3915,,2,199,5.0
3916,3916,,0,1037,7.0
3917,3917,,0,1038,4.0
3918,3918,,7,1039,7.0
3919,3919,,0,1040,4.0
3920,3920,,2,351,6.0
3921,3921,,2,615,5.0
3922,3922,,2,1124,6.0
3923,3923,,0,1041,7.0
3924,3924,,0,1042,7.0
3925,3925,,0,1043,3.0
3926,3926,,4,509,6.0
3927,3927,,4,509,6.0
3928,3928,,0,1044,7.0
3929,3929,,0,1045,5.0
3930,3930,,0,1046,5.0
3931,3931,,6,267,8.0
3932,3932,,1,1146,6.0
3933,3933,,2,1342,6.0
3934,3934,,1,502,7.0
3935,3935,,1,1220,7.0
3936,3936,,2,351,7.0
3937,3937,,1,1047,7.0
3938,3938,,1,275,6.0
3939,3939,,4,160,5.0
3940,3940,,1,179,8.0
3941,3941,,0,1048,7.0
3942,3942,,1,311,6.0
3943,3943,,0,1049,5.0
3944,3944,,11,293,7.0
3945,3945,,1,1116,6.0
3946,3946,,0,1050,7.0
3947,3947,,1,1472,6.0
3948,3948,,1,301,4.0
3949,3949,,0,1051,5.0
3950,3950,,0,1052,4.0
3951,3951,,0,1053,5.0
3952,3952,,2,576,7.0
3953,3953,,0,1054,6.0
3954,3954,,0,1055,4.0
3955,3955,,0,1056,6.0
3956,3956,,1,100,6.0
3957,3957,,0,1057,6.0
3958,3958,,0,1058,5.0
3959,3959,,0,1059,3.0
3960,3960,,0,1060,0.0
3961,3961,,0,1061,5.0
3962,3962,,0,1062,5.0
3963,3963,,3,1063,5.0
3964,3964,,1,1264,3.0
3965,3965,,0,1064,6.0
3966,3966,,3,311,7.0
3967,3967,,0,1065,0.0
3968,3968,,0,1066,5.0
3969,3969,,0,1067,5.0
3970,3970,,0,1068,3.0
3971,3971,,0,1069,6.0
3972,3972,,0,1070,6.0
3973,3973,,0,1071,6.0
3974,3974,,5,325,8.0
3975,3975,,0,1072,7.0
3976,3976,,0,1073,5.0
3977,3977,,0,1074,7.0
3978,3978,,4,1181,4.0
3979,3979,,4,311,7.0
3980,3980,,2,229,7.0
3981,3981,,0,1075,6.0
3982,3982,,0,1076,4.0
3983,3983,,1,465,7.0
3984,3984,,2,414,8.0
3985,3985,,0,1077,5.0
3986,3986,,2,1082,7.0
3987,3987,,5,1083,8.0
3988,3988,,4,134,5.0
3989,3989,,0,1078,8.0
3990,3990,,1,1385,7.0
3991,3991,,1,573,7.0
3992,3992,,0,1079,10.0
3993,3993,,0,1080,5.0
3994,3994,,2,1195,6.0
3995,3995,,0,1081,7.0
3996,3996,,3,1082,6.0
3997,3997,,5,1083,7.0
3998,3998,,0,1084,6.0
3999,3999,,1,1205,7.0
4000,4000,,6,759,7.0
4001,4001,,0,1085,5.0
4002,4002,,1,1477,8.0
4003,4003,,0,1086,7.0
4004,4004,,1,1454,7.0
4005,4005,,0,1087,5.0
4006,4006,,0,1088,8.0
4007,4007,,0,1089,7.0
4008,4008,,2,1090,5.0
4009,4009,,0,1091,5.0
4010,4010,,6,425,7.0
4011,4011,,7,311,5.0
4012,4012,,8,134,6.0
4013,4013,,8,181,8.0
4014,4014,,1,225,7.0
4015,4015,,5,293,7.0
4016,4016,,2,40,7.0
4017,4017,,4,1039,8.0
4018,4018,,0,1092,7.0
4019,4019,,0,1093,7.0
4020,4020,,1,1094,7.0
4021,4021,,0,1095,5.0
4022,4022,,0,1096,7.0
4023,4023,,0,1097,7.0
4024,4024,,5,509,7.0
4025,4025,,4,65,7.0
4026,4026,,0,1098,7.0
4027,4027,,0,1099,7.0
4028,4028,,0,1100,7.0
4029,4029,,0,1101,6.0
4030,4030,,0,1102,6.0
4031,4031,,2,325,6.0
4032,4032,,0,1103,6.0
4033,4033,,4,248,7.0
4034,4034,,0,1104,5.0
4035,4035,,0,1105,5.0
4036,4036,,0,1106,5.0
4037,4037,,9,650,7.0
4038,4038,,0,1107,5.0
4039,4039,,1,1108,6.0
4040,4040,,0,1109,5.0
4041,4041,,1,1288,7.0
4042,4042,,0,1110,3.0
4043,4043,,2,1112,7.0
4044,4044,,0,1111,5.0
4045,4045,,1,198,10.0
4046,4046,,2,1112,7.0
4047,4047,,1,272,5.0
4048,4048,,0,1113,6.0
4049,4049,,6,308,7.0
4050,4050,,1,121,7.0
4051,4051,,0,1114,0.0
4052,4052,,4,134,6.0
4053,4053,,0,1115,5.0
4054,4054,,1,1116,6.0
4055,4055,,2,1418,7.0
4056,4056,,0,1117,6.0
4057,4057,,1,1082,6.0
4058,4058,,0,1118,6.0
4059,4059,,0,1119,4.0
4060,4060,,0,1120,5.0
4061,4061,,2,1253,6.0
4062,4062,,0,1121,8.0
4063,4063,,1,1219,7.0
4064,4064,,0,1122,7.0
4065,4065,,0,1123,0.0
4066,4066,,2,225,7.0
4067,4067,,1,1124,5.0
4068,4068,,1,1124,0.0
4069,4069,,0,1125,5.0
4070,4070,,0,1126,4.0
4071,4071,,11,224,7.0
4072,4072,,0,1127,5.0
4073,4073,,21,379,7.0
4074,4074,,0,1128,7.0
4075,4075,,21,379,7.0
4076,4076,,7,181,8.0
4077,4077,,7,439,7.0
4078,4078,,0,1129,7.0
4079,4079,,2,180,7.0
4080,4080,,0,1130,5.0
4081,4081,,4,534,8.0
4082,4082,,3,1629,7.0
4083,4083,,0,1131,8.0
4084,4084,,0,1132,7.0
4085,4085,,0,1133,7.0
4086,4086,,0,1134,7.0
4087,4087,,1,411,7.0
4088,4088,,5,1039,8.0
4089,4089,,3,293,8.0
4090,4090,,8,187,7.0
4091,4091,,2,1268,7.0
4092,4092,,0,1135,7.0
4093,4093,,3,199,8.0
4094,4094,,0,1136,5.0
4095,4095,,1,180,7.0
4096,4096,,5,199,8.0
4097,4097,,0,1137,6.0
4098,4098,,3,311,7.0
4099,4099,,4,325,6.0
4100,4100,,7,267,6.0
4101,4101,,8,40,5.0
4102,4102,,0,1138,6.0
4103,4103,,1,1139,6.0
4104,4104,,0,1140,8.0
4105,4105,,0,1141,5.0
4106,4106,,2,199,7.0
4107,4107,,0,1142,7.0
4108,4108,,0,1143,8.0
4109,4109,,2,1500,7.0
4110,4110,,0,1144,7.0
4111,4111,,0,1145,7.0
4112,4112,,1,1146,6.0
4113,4113,,0,1147,5.0
4114,4114,,4,495,6.0
4115,4115,,2,100,6.0
4116,4116,,0,1148,5.0
4117,4117,,0,1149,6.0
4118,4118,,0,1150,0.0
4119,4119,,0,1151,7.0
4120,4120,,0,1152,6.0
4121,4121,,2,1288,6.0
4122,4122,,2,420,5.0
4123,4123,,2,420,7.0
4124,4124,,0,1153,5.0
4125,4125,,1,1154,6.0
4126,4126,,3,325,6.0
4127,4127,,0,1155,6.0
4128,4128,,0,1156,6.0
4129,4129,,0,1157,6.0
4130,4130,,0,1158,6.0
4131,4131,,0,1159,6.0
4132,4132,,4,100,7.0
4133,4133,,3,187,5.0
4134,4134,,0,1160,5.0
4135,4135,,0,1161,7.0
4136,4136,,0,1162,7.0
4137,4137,,0,1163,6.0
4138,4138,,0,1164,6.0
4139,4139,,0,1165,5.0
4140,4140,,0,1166,0.0
4141,4141,,25,379,7.0
4142,4142,,0,1167,4.0
4143,4143,,0,1168,6.0
4144,4144,,0,1169,7.0
4145,4145,,0,1170,4.0
4146,4146,,2,1171,6.0
4147,4147,,1,1172,6.0
4148,4148,,0,1173,7.0
4149,4149,,0,1174,7.0
4150,4150,,3,1039,5.0
4151,4151,,0,1175,6.0
4152,4152,,2,1171,5.0
4153,4153,,2,224,6.0
4154,4154,,3,1576,6.0
4155,4155,,0,1176,4.0
4156,4156,,0,1177,4.0
4157,4157,,0,1178,4.0
4158,4158,,0,1179,4.0
4159,4159,,0,1180,7.0
4160,4160,,4,1181,7.0
4161,4161,,1,1182,6.0
4162,4162,,1,390,7.0
4163,4163,,1,1374,7.0
4164,4164,,0,1183,8.0
4165,4165,,0,1184,6.0
4166,4166,,0,1185,6.0
4167,4167,,1,446,8.0
4168,4168,,0,1186,6.0
4169,4169,,0,1187,7.0
4170,4170,,0,1188,6.0
4171,4171,,1,293,7.0
4172,4172,,1,187,8.0
4173,4173,,1,602,8.0
4174,4174,,0,1189,6.0
4175,4175,,1,1413,7.0
4176,4176,,2,1202,6.0
4177,4177,,0,1190,6.0
4178,4178,,0,1191,5.0
4179,4179,,0,1192,7.0
4180,4180,,2,311,6.0
4181,4181,,0,1193,6.0
4182,4182,,0,1194,7.0
4183,4183,,1,1202,7.0
4184,4184,,4,1195,7.0
4185,4185,,0,1196,5.0
4186,4186,,0,1197,0.0
4187,4187,,0,1198,4.0
4188,4188,,0,1199,5.0
4189,4189,,3,553,7.0
4190,4190,,0,1200,6.0
4191,4191,,0,1201,5.0
4192,4192,,2,257,7.0
4193,4193,,1,1202,6.0
4194,4194,,3,40,6.0
4195,4195,,0,1203,6.0
4196,4196,,0,1204,6.0
4197,4197,,1,1205,6.0
4198,4198,,0,1206,7.0
4199,4199,,0,1207,6.0
4200,4200,,2,493,7.0
4201,4201,,3,493,7.0
4202,4202,,1,1268,7.0
4203,4203,,0,1208,6.0
4204,4204,,0,1209,6.0
4205,4205,,0,1210,4.0
4206,4206,,0,1211,7.0
4207,4207,,0,1212,5.0
4208,4208,,0,1213,8.0
4209,4209,,1,264,8.0
4210,4210,,0,1214,0.0
4211,4211,,1,1502,7.0
4212,4212,,0,1215,7.0
4213,4213,,0,1216,4.0
4214,4214,,0,1217,7.0
4215,4215,,0,1218,7.0
4216,4216,,3,493,8.0
4217,4217,,1,1219,7.0
4218,4218,,1,1220,7.0
4219,4219,,5,509,6.0
4220,4220,,3,439,5.0
4221,4221,,4,414,7.0
4222,4222,,5,509,7.0
4223,4223,,0,1221,7.0
4224,4224,,6,560,7.0
4225,4225,,0,1222,7.0
4226,4226,,0,1223,7.0
4227,4227,,0,1224,7.0
4228,4228,,0,1225,7.0
4229,4229,,0,1226,6.0
4230,4230,,1,1227,6.0
4231,4231,,0,1228,7.0
4232,4232,,5,325,7.0
4233,4233,,0,1229,3.0
4234,4234,,3,445,6.0
4235,4235,,0,1230,6.0
4236,4236,,0,1231,5.0
4237,4237,,0,1232,6.0
4238,4238,,0,1233,8.0
4239,4239,,1,449,6.0
4240,4240,,0,1234,6.0
4241,4241,,1,524,4.0
4242,4242,,0,1235,7.0
4243,4243,,1,572,6.0
4244,4244,,3,503,6.0
4245,4245,,0,1236,7.0
4246,4246,,0,1237,7.0
4247,4247,,0,1238,10.0
4248,4248,,2,1239,5.0
4249,4249,,0,1240,7.0
4250,4250,,6,325,7.0
4251,4251,,0,1241,7.0
4252,4252,,0,1242,6.0
4253,4253,,0,1243,6.0
4254,4254,,0,1244,3.0
4255,4255,,0,1245,7.0
4256,4256,,0,1246,4.0
4257,4257,,0,1247,3.0
4258,4258,,0,1248,8.0
4259,4259,,1,311,7.0
4260,4260,,0,1249,7.0
4261,4261,,0,1250,5.0
4262,4262,,0,1251,6.0
4263,4263,,0,1252,5.0
4264,4264,,2,1253,5.0
4265,4265,,0,1254,6.0
4266,4266,,0,1255,0.0
4267,4267,,1,89,6.0
4268,4268,,4,267,8.0
4269,4269,,0,1256,0.0
4270,4270,,0,1257,8.0
4271,4271,,1,1442,7.0
4272,4272,,0,1258,5.0
4273,4273,,0,1259,7.0
4274,4274,,0,1260,6.0
4275,4275,,0,1261,0.0
4276,4276,,6,318,3.0
4277,4277,,0,1262,6.0
4278,4278,,0,1263,2.0
4279,4279,,1,1264,3.0
4280,4280,,0,1265,5.0
4281,4281,,3,414,8.0
4282,4282,,4,134,6.0
4283,4283,,2,414,7.0
4284,4284,,1,267,5.0
4285,4285,,0,1266,6.0
4286,4286,,0,1267,6.0
4287,4287,,1,1195,7.0
4288,4288,,3,1268,7.0
4289,4289,,8,650,4.0
4290,4290,,8,40,7.0
4291,4291,,2,560,7.0
4292,4292,,3,746,7.0
4293,4293,,0,1269,0.0
4294,4294,,0,1270,6.0
4295,4295,,8,509,7.0
4296,4296,,0,1271,7.0
4297,4297,,3,414,7.0
4298,4298,,1,267,7.0
4299,4299,,0,1272,6.0
4300,4300,,4,311,8.0
4301,4301,,1,1273,6.0
4302,4302,,6,311,8.0
4303,4303,,0,1274,8.0
4304,4304,,0,1275,6.0
4305,4305,,0,1276,0.0
4306,4306,,1,604,7.0
4307,4307,,0,1277,0.0
4308,4308,,0,1278,4.0
4309,4309,,0,1279,0.0
4310,4310,,0,1280,6.0
4311,4311,,0,1281,4.0
4312,4312,,1,1296,7.0
4313,4313,,0,1282,4.0
4314,4314,,0,1283,5.0
4315,4315,,3,493,6.0
4316,4316,,0,1284,7.0
4317,4317,,0,1285,4.0
4318,4318,,0,1286,2.0
4319,4319,,0,1287,6.0
4320,4320,,2,1288,7.0
4321,4321,,0,1289,7.0
4322,4322,,0,1290,5.0
4323,4323,,0,1291,7.0
4324,4324,,0,1292,6.0
4325,4325,,0,1293,6.0
4326,4326,,3,220,7.0
4327,4327,,0,1294,3.0
4328,4328,,0,1295,4.0
4329,4329,,1,1296,8.0
4330,4330,,0,1297,6.0
4331,4331,,0,1298,7.0
4332,4332,,0,1299,6.0
4333,4333,,4,224,8.0
4334,4334,,0,1300,4.0
4335,4335,,3,414,6.0
4336,4336,,0,1301,6.0
4337,4337,,14,379,8.0
4338,4338,,10,134,6.0
4339,4339,,6,224,7.0
4340,4340,,0,1302,5.0
4341,4341,,6,318,7.0
4342,4342,,0,1303,6.0
4343,4343,,3,325,6.0
4344,4344,,0,1304,6.0
4345,4345,,1,455,7.0
4346,4346,,0,1305,7.0
4347,4347,,2,325,5.0
4348,4348,,0,1306,7.0
4349,4349,,0,1307,6.0
4350,4350,,2,325,7.0
4351,4351,,0,1308,6.0
4352,4352,,14,379,7.0
4353,4353,,0,1309,5.0
4354,4354,,0,1310,8.0
4355,4355,,7,325,7.0
4356,4356,,0,1311,7.0
4357,4357,,0,1312,7.0
4358,4358,,3,445,6.0
4359,4359,,1,180,7.0
4360,4360,,0,1313,7.0
4361,4361,,0,1314,7.0
4362,4362,,1,100,7.0
4363,4363,,0,1315,7.0
4364,4364,,1,1316,5.0
4365,4365,,4,509,7.0
4366,4366,,0,1317,7.0
4367,4367,,0,1318,6.0
4368,4368,,6,351,7.0
4369,4369,,0,1319,7.0
4370,4370,,0,1320,7.0
4371,4371,,0,1321,6.0
4372,4372,,2,180,6.0
4373,4373,,4,325,6.0
4374,4374,,3,325,8.0
4375,4375,,1,1322,7.0
4376,4376,,0,1323,6.0
4377,4377,,0,1324,7.0
4378,4378,,0,1325,7.0
4379,4379,,1,1564,8.0
4380,4380,,0,1326,6.0
4381,4381,,0,1327,8.0
4382,4382,,0,1328,7.0
4383,4383,,0,1329,5.0
4384,4384,,0,1330,3.0
4385,4385,,1,220,4.0
4386,4386,,0,1331,7.0
4387,4387,,0,1332,6.0
4388,4388,,0,1333,5.0
4389,4389,,0,1334,3.0
4390,4390,,1,1397,6.0
4391,4391,,0,1335,6.0
4392,4392,,2,130,6.0
4393,4393,,0,1336,5.0
4394,4394,,0,1337,6.0
4395,4395,,1,160,6.0
4396,4396,,0,1338,4.0
4397,4397,,0,1339,6.0
4398,4398,,0,1340,5.0
4399,4399,,0,1341,7.0
4400,4400,,1,1342,0.0
4401,4401,,1,1342,5.0
4402,4402,,0,1343,3.0
4403,4403,,0,1344,8.0
4404,4404,,0,1345,6.0
4405,4405,,0,1346,8.0
4406,4406,,0,1347,6.0
4407,4407,,0,1348,5.0
4408,4408,,0,1349,5.0
4409,4409,,0,1350,4.0
4410,4410,,1,224,6.0
4411,4411,,0,1351,6.0
4412,4412,,0,1352,6.0
4413,4413,,0,1353,5.0
4414,4414,,0,1354,5.0
4415,4415,,1,1358,5.0
4416,4416,,0,1355,8.0
4417,4417,,0,1356,6.0
4418,4418,,0,1357,5.0
4419,4419,,1,1358,3.0
4420,4420,,0,1359,5.0
4421,4421,,0,1360,6.0
4422,4422,,0,1361,5.0
4423,4423,,0,1362,7.0
4424,4424,,0,1363,4.0
4425,4425,,0,1364,4.0
4426,4426,,0,1365,4.0
4427,4427,,0,1366,7.0
4428,4428,,0,1367,6.0
4429,4429,,0,1368,6.0
4430,4430,,1,1553,5.0
4431,4431,,0,1369,7.0
4432,4432,,0,1370,8.0
4433,4433,,2,509,5.0
4434,4434,,0,1371,7.0
4435,4435,,0,1372,5.0
4436,4436,,2,199,7.0
4437,4437,,2,267,6.0
4438,4438,,0,1373,7.0
4439,4439,,3,422,7.0
4440,4440,,1,1374,6.0
4441,4441,,0,1375,7.0
4442,4442,,2,509,7.0
4443,4443,,1,1448,7.0
4444,4444,,0,1376,0.0
4445,4445,,0,1377,5.0
4446,4446,,0,1378,6.0
4447,4447,,0,1379,6.0
4448,4448,,0,1380,5.0
4449,4449,,1,1381,7.0
4450,4450,,7,267,5.0
4451,4451,,0,1382,2.0
4452,4452,,0,1383,8.0
4453,4453,,0,1384,7.0
4454,4454,,1,1047,7.0
4455,4455,,1,1385,6.0
4456,4456,,2,187,8.0
4457,4457,,0,1386,8.0
4458,4458,,0,1387,0.0
4459,4459,,0,1388,8.0
4460,4460,,3,134,6.0
4461,4461,,0,1389,7.0
4462,4462,,0,1390,0.0
4463,4463,,0,1391,4.0
4464,4464,,1,102,6.0
4465,4465,,0,1392,7.0
4466,4466,,0,1393,6.0
4467,4467,,0,1394,7.0
4468,4468,,1,325,8.0
4469,4469,,0,1395,7.0
4470,4470,,1,3,7.0
4471,4471,,6,225,8.0
4472,4472,,0,1396,6.0
4473,4473,,2,1397,5.0
4474,4474,,2,493,8.0
4475,4475,,2,509,6.0
4476,4476,,1,229,5.0
4477,4477,,3,222,6.0
4478,4478,,0,1398,4.0
4479,4479,,5,493,8.0
4480,4480,,1,1399,8.0
4481,4481,,0,1400,6.0
4482,4482,,1,1401,7.0
4483,4483,,0,1402,7.0
4484,4484,,0,1403,6.0
4485,4485,,0,1404,7.0
4486,4486,,0,1405,0.0
4487,4487,,0,1406,0.0
4488,4488,,0,1407,5.0
4489,4489,,1,1408,5.0
4490,4490,,0,1409,6.0
4491,4491,,0,1410,0.0
4492,4492,,0,1411,6.0
4493,4493,,0,1412,5.0
4494,4494,,1,1413,5.0
4495,4495,,0,1414,7.0
4496,4496,,0,1415,6.0
4497,4497,,0,1416,7.0
4498,4498,,1,1417,6.0
4499,4499,,2,1418,6.0
4500,4500,,0,1419,0.0
4501,4501,,0,1420,6.0
4502,4502,,0,1421,3.0
4503,4503,,0,1422,5.0
4504,4504,,0,1423,0.0
4505,4505,,0,1424,6.0
4506,4506,,0,1425,5.0
4507,4507,,2,224,7.0
4508,4508,,0,1426,0.0
4509,4509,,0,1427,5.0
4510,4510,,0,1428,6.0
4511,4511,,3,1629,7.0
4512,4512,,1,1504,4.0
4513,4513,,0,1429,6.0
4514,4514,,2,325,5.0
4515,4515,,0,1430,6.0
4516,4516,,0,1431,6.0
4517,4517,,0,1432,7.0
4518,4518,,4,425,7.0
4519,4519,,0,1433,6.0
4520,4520,,0,1434,7.0
4521,4521,,0,1435,8.0
4522,4522,,1,1438,8.0
4523,4523,,0,1436,6.0
4524,4524,,0,1437,7.0
4525,4525,,1,1522,6.0
4526,4526,,1,1438,5.0
4527,4527,,4,1181,7.0
4528,4528,,4,229,7.0
4529,4529,,1,1439,5.0
4530,4530,,0,1440,4.0
4531,4531,,0,1441,5.0
4532,4532,,1,1442,6.0
4533,4533,,1,1600,6.0
4534,4534,,0,1443,7.0
4535,4535,,0,1444,8.0
4536,4536,,0,1445,7.0
4537,4537,,0,1446,5.0
4538,4538,,4,351,5.0
4539,4539,,0,1447,6.0
4540,4540,,1,1448,4.0
4541,4541,,0,1449,6.0
4542,4542,,0,1450,6.0
4543,4543,,0,1451,4.0
4544,4544,,0,1452,5.0
4545,4545,,0,1453,5.0
4546,4546,,1,1454,7.0
4547,4547,,0,1455,7.0
4548,4548,,4,227,5.0
4549,4549,,26,220,6.0
4550,4550,,0,1456,0.0
4551,4551,,1,199,7.0
4552,4552,,0,1457,4.0
4553,4553,,0,1458,0.0
4554,4554,,0,1459,3.0
4555,4555,,0,1460,7.0
4556,4556,,0,1461,0.0
4557,4557,,0,1462,5.0
4558,4558,,4,560,6.0
4559,4559,,0,1463,0.0
4560,4560,,1,1535,6.0
4561,4561,,0,1464,5.0
4562,4562,,0,1465,2.0
4563,4563,,0,1466,6.0
4564,4564,,1,761,4.0
4565,4565,,4,180,7.0
4566,4566,,4,180,2.0
4567,4567,,0,1467,6.0
4568,4568,,0,1468,6.0
4569,4569,,0,1469,0.0
4570,4570,,0,1470,6.0
4571,4571,,0,1471,8.0
4572,4572,,1,1472,7.0
4573,4573,,0,1473,7.0
4574,4574,,0,1474,4.0
4575,4575,,2,699,7.0
4576,4576,,1,1475,7.0
4577,4577,,1,1476,6.0
4578,4578,,1,1477,7.0
4579,4579,,1,308,8.0
4580,4580,,1,361,7.0
4581,4581,,0,1478,1.0
4582,4582,,0,1479,8.0
4583,4583,,0,1480,4.0
4584,4584,,0,1481,5.0
4585,4585,,0,1482,7.0
4586,4586,,25,220,6.0
4587,4587,,0,1483,6.0
4588,4588,,9,425,7.0
4589,4589,,9,425,0.0
4590,4590,,0,1484,6.0
4591,4591,,0,1485,8.0
4592,4592,,0,1486,7.0
4593,4593,,0,1487,6.0
4594,4594,,0,1488,5.0
4595,4595,,7,293,7.0
4596,4596,,0,1489,6.0
4597,4597,,0,1490,5.0
4598,4598,,0,1491,7.0
4599,4599,,5,229,5.0
4600,4600,,0,1492,7.0
4601,4601,,0,1493,5.0
4602,4602,,1,574,8.0
4603,4603,,0,1494,8.0
4604,4604,,1,493,8.0
4605,4605,,0,1495,7.0
4606,4606,,0,1496,8.0
4607,4607,,4,411,6.0
4608,4608,,0,1497,6.0
4609,4609,,1,1498,6.0
4610,4610,,1,132,6.0
4611,4611,,0,1499,0.0
4612,4612,,2,1500,6.0
4613,4613,,2,1500,6.0
4614,4614,,0,1501,5.0
4615,4615,,1,1502,8.0
4616,4616,,0,1503,7.0
4617,4617,,1,1504,6.0
4618,4618,,0,1505,7.0
4619,4619,,1,1506,3.0
4620,4620,,0,1507,5.0
4621,4621,,0,1508,3.0
4622,4622,,0,1509,7.0
4623,4623,,0,1510,6.0
4624,4624,,0,1511,7.0
4625,4625,,0,1512,0.0
4626,4626,,0,1513,0.0
4627,4627,,0,1514,6.0
4628,4628,,1,419,5.0
4629,4629,,0,1515,6.0
4630,4630,,0,1516,6.0
4631,4631,,3,160,7.0
4632,4632,,3,509,6.0
4633,4633,,3,509,0.0
4634,4634,,4,351,7.0
4635,4635,,0,1517,6.0
4636,4636,,3,220,6.0
4637,4637,,0,1518,5.0
4638,4638,,0,1519,0.0
4639,4639,,3,325,7.0
4640,4640,,0,1520,6.0
4641,4641,,0,1521,8.0
4642,4642,,1,1522,5.0
4643,4643,,1,136,6.0
4644,4644,,1,136,3.0
4645,4645,,0,1523,6.0
4646,4646,,0,1524,7.0
4647,4647,,4,911,4.0
4648,4648,,0,1525,6.0
4649,4649,,2,325,7.0
4650,4650,,0,1526,7.0
4651,4651,,0,1527,5.0
4652,4652,,0,1528,6.0
4653,4653,,0,1529,0.0
4654,4654,,0,1530,6.0
4655,4655,,0,1531,6.0
4656,4656,,0,1532,5.0
4657,4657,,0,1533,0.0
4658,4658,,0,1534,4.0
4659,4659,,1,1535,6.0
4660,4660,,0,1536,0.0
4661,4661,,2,898,7.0
4662,4662,,2,898,10.0
4663,4663,,0,1537,8.0
4664,4664,,3,934,7.0
4665,4665,,0,1538,0.0
4666,4666,,0,1539,7.0
4667,4667,,0,1540,5.0
4668,4668,,0,1541,4.0
4669,4669,,0,1542,7.0
4670,4670,,7,439,7.0
4671,4671,,4,180,7.0
4672,4672,,6,311,8.0
4673,4673,,0,1543,5.0
4674,4674,,0,1544,0.0
4675,4675,,0,1545,7.0
4676,4676,,1,313,7.0
4677,4677,,1,553,6.0
4678,4678,,0,1546,8.0
4679,4679,,0,1547,8.0
4680,4680,,0,1548,5.0
4681,4681,,1,318,6.0
4682,4682,,1,553,5.0
4683,4683,,3,1631,6.0
4684,4684,,0,1549,0.0
4685,4685,,0,1550,8.0
4686,4686,,0,1551,8.0
4687,4687,,0,1552,6.0
4688,4688,,1,1553,8.0
4689,4689,,0,1554,7.0
4690,4690,,0,1555,5.0
4691,4691,,0,1556,6.0
4692,4692,,0,1557,0.0
4693,4693,,0,1558,7.0
4694,4694,,0,1559,0.0
4695,4695,,0,1560,8.0
4696,4696,,0,1561,7.0
4697,4697,,10,650,6.0
4698,4698,,0,1562,0.0
4699,4699,,0,1563,0.0
4700,4700,,1,1564,7.0
4701,4701,,0,1565,5.0
4702,4702,,0,1566,5.0
4703,4703,,4,293,6.0
4704,4704,,0,1567,7.0
4705,4705,,0,1568,5.0
4706,4706,,0,1569,6.0
4707,4707,,0,1570,6.0
4708,4708,,0,1571,0.0
4709,4709,,0,1572,8.0
4710,4710,,0,1573,0.0
4711,4711,,0,1574,7.0
4712,4712,,0,1575,7.0
4713,4713,,3,1576,7.0
4714,4714,,0,1577,0.0
4715,4715,,0,1578,6.0
4716,4716,,0,1579,0.0
4717,4717,,0,1580,7.0
4718,4718,,0,1581,6.0
4719,4719,,0,1582,7.0
4720,4720,,13,361,7.0
4721,4721,,0,1583,0.0
4722,4722,,3,1629,7.0
4723,4723,,0,1584,5.0
4724,4724,,3,469,8.0
4725,4725,,0,1585,6.0
4726,4726,,4,534,7.0
4727,4727,,0,1586,5.0
4728,4728,,0,1587,7.0
4729,4729,,0,1588,0.0
4730,4730,,0,1589,6.0
4731,4731,,0,1590,7.0
4732,4732,,3,361,5.0
4733,4733,,0,1591,7.0
4734,4734,,0,1592,5.0
4735,4735,,0,1593,7.0
4736,4736,,0,1594,6.0
4737,4737,,0,1595,6.0
4738,4738,,7,179,7.0
4739,4739,,0,1596,6.0
4740,4740,,0,1597,4.0
4741,4741,,0,1598,3.0
4742,4742,,2,311,7.0
4743,4743,,0,1599,5.0
4744,4744,,1,1600,5.0
4745,4745,,0,1601,4.0
4746,4746,,0,1602,6.0
4747,4747,,0,1603,7.0
4748,4748,,0,1604,6.0
4749,4749,,2,1643,6.0
4750,4750,,0,1605,6.0
4751,4751,,0,1606,6.0
4752,4752,,0,1607,6.0
4753,4753,,0,1608,5.0
4754,4754,,0,1609,5.0
4755,4755,,0,1610,8.0
4756,4756,,0,1611,7.0
4757,4757,,0,1612,5.0
4758,4758,,0,1613,6.0
4759,4759,,0,1614,6.0
4760,4760,,0,1615,7.0
4761,4761,,0,1616,7.0
4762,4762,,6,325,6.0
4763,4763,,0,1617,7.0
4764,4764,,0,1618,2.0
4765,4765,,1,1628,3.0
4766,4766,,14,379,8.0
4767,4767,,0,1619,4.0
4768,4768,,0,1620,6.0
4769,4769,,0,1621,0.0
4770,4770,,1,1625,6.0
4771,4771,,0,1622,0.0
4772,4772,,0,1623,6.0
4773,4773,,3,160,7.0
4774,4774,,0,1624,6.0
4775,4775,,1,1625,6.0
4776,4776,,2,509,7.0
4777,4777,,0,1626,6.0
4778,4778,,4,79,6.0
4779,4779,,5,1039,6.0
4780,4780,,0,1627,0.0
4781,4781,,1,1628,6.0
4782,4782,,3,1629,7.0
4783,4783,,0,1630,5.0
4784,4784,,3,1631,6.0
4785,4785,,0,1632,0.0
4786,4786,,0,1633,6.0
4787,4787,,0,1634,4.0
4788,4788,,2,495,6.0
4789,4789,,1,325,7.0
4790,4790,,0,1635,7.0
4791,4791,,0,1636,2.0
4792,4792,,0,1637,7.0
4793,4793,,0,1638,6.0
4794,4794,,0,1639,0.0
4795,4795,,0,1640,6.0
4796,4796,,0,1641,7.0
4797,4797,,0,1642,8.0
4798,4798,,5,325,7.0
4799,4799,,2,1643,6.0
4800,4800,,0,1644,7.0
4801,4801,,0,1645,6.0
4802,4802,,2,1418,6.0
